1,327018,6236218,556
2,327044,6236205,556
3,327028,6236211,556
4,327017,6236216,556
5,327018,6236322,556
6,327005,6236296,556
7,327996,6235923,556
8,327990,6235927,556
9,327256,6236662,556
10,327229,6236676,556
11,327287,6237082,556
12,327294,6237093,556
13,327469,6237098,556
14,327445,6237112,556
15,327307,6237197,556
16,327314,6237177,556
17,327618,6237403,556
18,327592,6237419,556
19,327387,6236976,556
20,327415,6236965,556
21,328841,6237027,556
22,328837,6237041,556
23,336901,6237882,557
24,336876,6237892,557
25,336986,6238083,557
26,336967,6238092,557
27,337068,6238288,557
28,337039,6238296,557
29,337136,6238437,557
30,337140,6238408,557
31,337131,6238466,557
32,337128,6238468,557
33,337450,6238497,557
34,337458,6238466,557
35,337446,6238513,557
36,337441,6238543,557
37,337766,6238551,558
38,337753,6238575,558
39,337774,6238565,558
40,337793,6238542,558
41,337089,6238567,557
42,337099,6238566,557
43,337860,6238704,558
44,337830,6238710,558
45,337799,6238835,557
46,337795,6238813,557
47,337853,6238727,558
48,337883,6238725,558
49,337527,6238660,557
50,337528,6238650,557
51,337681,6238893,557
52,337665,6238869,557
53,337520,6239009,557
54,337504,6238988,557
55,337764,6238969,555
56,337737,6238956,555
57,337645,6239273,554
58,337616,6239269,554
59,337673,6239121,555
60,337703,6239126,555
61,336424,6239599,553
62,336413,6239609,553
63,336545,6239619,553
64,336536,6239600,553
65,327853,6238660,556
66,327883,6238653,556
67,336517,6239678,553
68,336496,6239699,553
69,336004,6239334,553
70,336016,6239359,553
71,337346,6239442,554
72,337320,6239426,554
73,338621,6239181,555
74,338616,6239200,555
75,336667,6239827,553
76,336646,6239848,553
77,337077,6239361,554
78,337106,6239368,554
79,336703,6239989,553
80,336689,6239966,553
81,336613,6240043,553
82,336596,6240030,553
83,336658,6239987,553
84,336682,6240008,553
85,335984,6239967,549
86,336013,6239964,549
87,336321,6240063,549
88,336300,6240032,553
89,336583,6240122,553
90,336553,6240120,553
91,336561,6240143,549
92,336591,6240144,549
93,338397,6240081,555
94,338373,6240065,555
95,337634,6239914,554
96,337665,6239907,554
97,337616,6239915,554
98,337586,6239922,554
99,336596,6240270,549
100,336573,6240275,549
101,338573,6240214,555
102,338554,6240215,555
103,338026,6240367,555
104,338033,6240354,555
105,338187,6240341,555
106,338186,6240339,555
107,337947,6240406,551
108,337969,6240399,551
109,337922,6240414,551
110,337901,6240421,551
111,335788,6240367,549
112,335770,6240343,549
113,335775,6240358,549
114,335795,6240381,549
115,337956,6240558,551
116,337940,6240562,551
117,337977,6240567,551
118,338005,6240562,551
119,338035,6240520,551
120,338056,6240529,551
121,337041,6240169,554
122,337031,6240170,554
123,335269,6240628,5000005
124,335251,6240602,5000005
125,335242,6240613,5000005
126,335260,6240640,5000005
127,327892,6240210,5000005
128,327862,6240210,5000005
129,327877,6240212,5000005
130,327907,6240209,5000005
131,334925,6240758,5000005
132,334914,6240738,5000005
133,335473,6240688,5000005
134,335504,6240678,5000005
135,327831,6240720,5000005
136,327833,6240705,5000005
137,336612,6240529,549
138,336643,6240523,549
139,336899,6240755,550
140,336893,6240749,550
141,336612,6240595,550
142,336579,6240601,549
143,335585,6240818,5000005
144,335574,6240829,5000005
145,336579,6240861,550
146,336564,6240863,550
147,334668,6240865,5000005
148,334658,6240843,5000005
149,335733,6240985,549
150,335752,6240962,549
151,336134,6241292,550
152,336148,6241264,550
153,336548,6241127,550
154,336515,6241127,550
155,336473,6241355,550
156,336473,6241355,550
157,336535,6241109,550
158,336567,6241110,550
159,336539,6241386,550
160,336544,6241364,550
161,336682,6241398,550
162,336678,6241415,550
163,327933,6241121,5000005
164,327903,6241123,5000005
165,336894,6241471,548
166,336902,6241445,548
167,327918,6241123,5000005
168,327949,6241121,5000005
169,327814,6241499,5000005
170,327811,6241475,5000005
171,327770,6241572,5000005
172,327770,6241572,5000005
173,337147,6241575,548
174,337158,6241555,548
175,327795,6241611,5000005
176,327788,6241614,5000005
177,337360,6241669,548
178,337362,6241641,548
179,337492,6241648,548
180,337492,6241663,548
181,337841,6241156,551
182,337804,6241153,551
183,337850,6241170,547
184,337886,6241175,547
185,336484,6241517,550
186,336455,6241526,550
187,337671,6241679,547
188,337668,6241694,547
189,337834,6241706,547
190,337835,6241702,547
191,337520,6241785,548
192,337491,6241779,548
193,337535,6241789,548
194,337551,6241792,548
195,338287,6241682,547
196,338302,6241664,547
197,338072,6241830,547
198,338092,6241808,547
199,337750,6241994,545
200,337750,6241994,545
201,337755,6241852,545
202,337724,6241855,545
203,337672,6242023,545
204,337668,6242009,545
205,337492,6241982,544
206,337521,6241988,544
207,337553,6242037,545
208,337556,6242061,545
209,337907,6242024,545
210,337896,6242052,545
211,338326,6242048,545
212,338351,6242031,545
213,338189,6241885,545
214,338163,6241902,545
215,338315,6242173,545
216,338322,6242192,545
217,338229,6242222,545
218,338226,6242208,545
219,336580,6241974,544
220,336550,6241975,544
221,338598,6242222,546
222,338601,6242237,546
223,336579,6241804,544
224,336608,6241814,544
225,338728,6242230,546
226,338717,6242240,546
227,338404,6242214,546
228,338424,6242207,546
229,338466,6242265,546
230,338463,6242250,546
231,338407,6242213,546
232,338386,6242221,546
233,338095,6242252,545
234,338094,6242249,545
235,338020,6242208,545
236,337995,6242222,545
237,336377,6242276,4000004
238,336392,6242295,540
239,336353,6242301,4000004
240,336337,6242279,4000004
241,336299,6242312,4000004
242,336314,6242338,4000004
243,336496,6242287,540
244,336488,6242301,540
245,337453,6242210,544
246,337468,6242213,544
247,338433,6242329,546
248,338418,6242334,546
249,338427,6242331,546
250,338449,6242329,546
251,338622,6242361,546
252,338617,6242341,546
253,335827,6241746,4000004
254,335854,6241747,4000004
255,336233,6242373,4000004
256,336220,6242357,4000004
257,337435,6242401,541
258,337449,6242384,541
259,335980,6242410,4000004
260,335979,6242392,4000004
261,336234,6242372,4000004
262,336245,6242384,4000004
263,336157,6242415,4000004
264,336157,6242412,4000004
265,336172,6242410,4000004
266,336172,6242410,4000004
267,338847,6242358,546
268,338836,6242369,546
269,337443,6242165,544
270,337418,6242160,544
271,336172,6242418,4000004
272,336178,6242416,4000004
273,336160,6242421,4000004
274,336160,6242421,4000004
275,328088,6241971,5000005
276,328116,6241960,5000005
277,328130,6242384,5000005
278,328143,6242377,5000005
279,336173,6242430,4000004
280,336174,6242430,4000004
281,328101,6241962,5000005
282,328073,6241973,5000005
283,336149,6242434,4000004
284,336148,6242433,4000004
285,337431,6242420,541
286,337439,6242433,541
287,335734,6242432,4000004
288,335724,6242406,4000004
289,337957,6242461,542
290,337953,6242430,542
291,335886,6242398,4000004
292,335893,6242421,4000004
293,328227,6242472,5000005
294,328223,6242447,5000005
295,333769,6241615,5000005
296,333757,6241618,5000005
297,336142,6242474,4000004
298,336114,6242468,4000004
299,338826,6242461,546
300,338839,6242477,546
301,336132,6242536,4000004
302,336105,6242540,4000004
303,338865,6242398,546
304,338884,6242375,546
305,338979,6242485,546
306,338962,6242507,546
307,339122,6242572,543
308,339122,6242572,543
309,338656,6242547,546
310,338668,6242579,546
311,338459,6242489,546
312,338434,6242490,546
313,338470,6242588,546
314,338470,6242588,546
315,336122,6242520,4000004
316,336151,6242526,4000004
317,336129,6242591,4000004
318,336128,6242591,4000004
319,338838,6242608,546
320,338849,6242598,546
321,338995,6242647,543
322,338982,6242631,543
323,335850,6242676,4000004
324,335860,6242650,4000004
325,338876,6242715,543
326,338877,6242714,543
327,338095,6242798,542
328,338095,6242795,542
329,338789,6242784,543
330,338800,6242794,543
331,338046,6242557,542
332,338017,6242540,542
333,337888,6242838,542
334,337885,6242822,542
335,337347,6242652,541
336,337377,6242656,541
337,337667,6242859,538
338,337672,6242879,538
339,337535,6242885,541
340,337535,6242884,541
341,337297,6242884,541
342,337327,6242890,541
343,337400,6242913,541
344,337399,6242904,541
345,337332,6242673,541
346,337303,6242667,541
347,337230,6242930,541
348,337230,6242931,541
349,333247,6242720,4000004
350,333219,6242711,4000004
351,336968,6242526,541
352,336951,6242553,541
353,337149,6242934,537
354,337153,6242951,537
355,338450,6242815,539
356,338478,6242803,539
357,338655,6242914,539
358,338652,6242910,539
359,334273,6242147,4000004
360,334270,6242143,4000004
361,335362,6242724,4000004
362,335339,6242703,4000004
363,335347,6242715,4000004
364,335371,6242735,4000004
365,338352,6242891,539
366,338340,6242913,539
367,337260,6242963,537
368,337255,6242962,537
369,336852,6242997,540
370,336849,6242979,540
371,337284,6242973,537
372,337299,6242976,537
373,328545,6242749,5000005
374,328571,6242732,5000005
375,337495,6242969,537
376,337516,6242965,537
377,328553,6242736,5000005
378,328528,6242753,5000005
379,336529,6243029,540
380,336532,6243049,540
381,336365,6243059,540
382,336365,6243054,540
383,336201,6242849,540
384,336172,6242858,540
385,336188,6242854,540
386,336212,6242848,540
387,329040,6243052,5000005
388,329046,6243030,5000005
389,337520,6243141,538
390,337530,6243140,538
391,329977,6241527,5000005
392,329998,6241505,5000005
393,333178,6243092,4000004
394,333156,6243086,4000004
395,338740,6243114,539
396,338757,6243089,539
397,339354,6242931,543
398,339340,6242938,543
399,333158,6243091,4000004
400,333188,6243091,4000004
401,335618,6243187,4000004
402,335614,6243222,4000004
403,338080,6243158,539
404,338061,6243148,539
405,337546,6243305,538
406,337567,6243301,538
407,337697,6243374,538
408,337694,6243364,538
409,337217,6243215,537
410,337188,6243209,537
411,338964,6243328,543
412,338949,6243330,543
413,337228,6243231,537
414,337254,6243236,537
415,337375,6243403,537
416,337378,6243425,537
417,337574,6243446,538
418,337570,6243445,538
419,338973,6243470,543
420,338981,6243470,543
421,336364,6243297,540
422,336348,6243304,540
423,337159,6243486,537
424,337139,6243482,537
425,337963,6243564,538
426,337963,6243555,538
427,337575,6243554,538
428,337604,6243550,538
429,337727,6243599,538
430,337725,6243587,538
431,338316,6243559,539
432,338328,6243530,539
433,333138,6243437,4000004
434,333108,6243433,4000004
435,333116,6243434,4000004
436,333145,6243440,4000004
437,333102,6243636,4000004
438,333103,6243620,4000004
439,329606,6243482,5000005
440,329616,6243451,5000005
441,337467,6243646,538
442,337463,6243624,538
443,333199,6243627,4000004
444,333196,6243652,4000004
445,330172,6243656,4000004
446,330153,6243635,5000005
447,329616,6243462,5000005
448,329603,6243490,5000005
449,338996,6243586,535
450,338972,6243589,535
451,333094,6243644,4000004
452,333102,6243657,4000004
453,333312,6243671,4000004
454,333315,6243656,4000004
455,337167,6243558,537
456,337182,6243561,537
457,337248,6243682,533
458,337244,6243660,537
459,337129,6243618,537
460,337106,6243614,537
461,338541,6243657,536
462,338537,6243657,536
463,334324,6243531,4000004
464,334308,6243503,4000004
465,330127,6243687,4000004
466,330137,6243663,5000005
467,330213,6243622,5000005
468,330195,6243622,5000005
469,338994,6243688,535
470,339004,6243684,535
471,334314,6243514,4000004
472,334327,6243542,4000004
473,330142,6243669,4000004
474,330130,6243693,4000004
475,330205,6243706,4000004
476,330205,6243706,4000004
477,338538,6243735,536
478,338567,6243730,536
479,333058,6243725,4000004
480,333080,6243723,4000004
481,333067,6243701,4000004
482,333038,6243703,4000004
483,337121,6243733,533
484,337150,6243739,533
485,330129,6241710,5000005
486,330102,6241725,5000005
487,332121,6243715,4000004
488,332106,6243748,4000004
489,330177,6243704,4000004
490,330157,6243725,4000004
491,330222,6243770,4000004
492,330202,6243772,4000004
493,330450,6243367,5000005
494,330471,6243339,5000005
495,330244,6243774,4000004
496,330219,6243792,4000004
497,330242,6243767,4000004
498,330269,6243756,4000004
499,330303,6243833,4000004
500,330306,6243852,4000004
501,333390,6243690,4000004
502,333394,6243675,4000004
503,337100,6243773,533
504,337071,6243767,532
505,337102,6243823,533
506,337131,6243828,533
507,332144,6243655,4000004
508,332155,6243623,4000004
509,332342,6243886,4000004
510,332342,6243888,4000004
511,332321,6243875,4000004
512,332303,6243863,4000004
513,332308,6243894,4000004
514,332303,6243880,4000004
515,333066,6243845,4000004
516,333093,6243838,4000004
517,332293,6243889,4000004
518,332306,6243914,4000004
519,332307,6243900,4000004
520,332306,6243930,4000004
521,333089,6243875,4000004
522,333067,6243879,4000004
523,338581,6243857,536
524,338572,6243861,536
525,334522,6243986,3000003
526,334518,6243957,3000003
527,332348,6243945,4000004
528,332372,6243939,4000004
529,330264,6243946,4000004
530,330292,6243935,4000004
531,330297,6243925,4000004
532,330322,6243927,4000004
533,334287,6244019,3000003
534,334282,6243990,3000003
535,338704,6244027,536
536,338719,6244002,536
537,338955,6243934,535
538,338925,6243925,535
539,334633,6244041,3000003
540,334619,6244046,3000003
541,333651,6244106,3000003
542,333648,6244090,3000003
543,333187,6244174,3000003
544,333186,6244166,3000003
545,333109,6244058,3000003
546,333132,6244053,3000003
547,333127,6244082,3000003
548,333106,6244087,3000003
549,334693,6244191,3000003
550,334718,6244177,3000003
551,336425,6243907,532
552,336399,6243908,532
553,334743,6244250,3000003
554,334742,6244250,3000003
555,334499,6244172,3000003
556,334526,6244161,3000003
557,334656,6244328,3000003
558,334656,6244323,3000003
559,338794,6244262,1000001
560,338770,6244251,1000001
561,338726,6244386,1000001
562,338726,6244386,1000001
563,338725,6244400,1000001
564,338725,6244400,1000001
565,335914,6244320,3000003
566,335893,6244329,3000003
567,334497,6244408,3000003
568,334496,6244399,3000003
569,334160,6244250,3000003
570,334144,6244252,3000003
571,334284,6244452,3000003
572,334282,6244437,3000003
573,332428,6244197,3000003
574,332401,6244213,3000003
575,332509,6244472,3000003
576,332509,6244472,3000003
577,332415,6244245,3000003
578,332443,6244234,3000003
579,338730,6244445,1000001
580,338740,6244442,1000001
581,338262,6244414,534
582,338237,6244386,534
583,332523,6244486,3000003
584,332522,6244486,3000003
585,332500,6244494,3000003
586,332504,6244508,3000003
587,334195,6244517,3000003
588,334193,6244514,3000003
589,337166,6244171,533
590,337195,6244165,533
591,337422,6244506,2000002
592,337426,6244534,2000002
593,331461,6244533,3000003
594,331464,6244503,3000003
595,331334,6244497,3000003
596,331327,6244526,3000003
597,338757,6244528,1000001
598,338728,6244533,1000001
599,338752,6244594,1000001
600,338753,6244594,1000001
601,337628,6244558,2000002
602,337621,6244559,2000002
603,333158,6244406,3000003
604,333187,6244401,3000003
605,333178,6244403,3000003
606,333148,6244408,3000003
607,336306,6244459,3000003
608,336279,6244453,3000003
609,337628,6244639,2000002
610,337640,6244637,2000002
611,336048,6244527,3000003
612,336024,6244544,3000003
613,336173,6244613,3000003
614,336182,6244642,3000003
615,332440,6244585,3000003
616,332467,6244592,3000003
617,332457,6244562,3000003
618,332430,6244557,3000003
619,336237,6244663,3000003
620,336227,6244661,3000003
621,338538,6244644,1000001
622,338531,6244616,1000001
623,335914,6244547,3000003
624,335933,6244552,3000003
625,337198,6244268,533
626,337171,6244284,533
627,337233,6244623,2000002
628,337263,6244619,2000002
629,337440,6244678,2000002
630,337436,6244656,2000002
631,336243,6244676,3000003
632,336250,6244677,3000003
633,332629,6244596,3000003
634,332611,6244611,3000003
635,332953,6244681,3000003
636,332950,6244662,3000003
637,336228,6244707,3000003
638,336221,6244702,3000003
639,335611,6244696,3000003
640,335610,6244666,3000003
641,335982,6244717,3000003
642,335988,6244688,3000003
643,336104,6244688,3000003
644,336076,6244678,3000003
645,335706,6244669,3000003
646,335706,6244699,3000003
647,336157,6244743,3000003
648,336155,6244721,3000003
649,332427,6244709,3000003
650,332457,6244711,3000003
651,332572,6244735,3000003
652,332570,6244721,3000003
653,336184,6244740,3000003
654,336178,6244761,3000003
655,336210,6244731,3000003
656,336232,6244732,3000003
657,334601,6244782,3000003
658,334600,6244782,3000003
659,336734,6244358,530
660,336706,6244343,530
661,336934,6244756,530
662,336928,6244727,530
663,337250,6244746,2000002
664,337278,6244738,2000002
665,334429,6244769,3000003
666,334434,6244762,3000003
667,338070,6244751,534
668,338063,6244730,534
669,334204,6244672,3000003
670,334233,6244665,3000003
671,334260,6244804,3000003
672,334257,6244795,3000003
673,336747,6244365,530
674,336774,6244384,530
675,337657,6244738,2000002
676,337637,6244741,2000002
677,337748,6244815,2000002
678,337744,6244794,2000002
679,336435,6244826,3000003
680,336432,6244799,3000003
681,334651,6244830,3000003
682,334636,6244832,3000003
683,334988,6244792,3000003
684,334980,6244763,3000003
685,334982,6244773,3000003
686,334990,6244801,3000003
687,334585,6244837,3000003
688,334570,6244835,3000003
689,337671,6244870,2000002
690,337669,6244870,2000002
691,338768,6244765,1000001
692,338795,6244759,1000001
693,337760,6244850,2000002
694,337770,6244861,2000002
695,334265,6244868,3000003
696,334243,6244872,3000003
697,334417,6244919,3000003
698,334412,6244898,3000003
699,334443,6244902,3000003
700,334446,6244931,3000003
701,336613,6244873,530
702,336627,6244871,530
703,334148,6244948,3000003
704,334153,6244973,3000003
705,336161,6244928,3000003
706,336135,6244914,3000003
707,336161,6244907,3000003
708,336180,6244918,3000003
709,333921,6244986,3000003
710,333924,6245007,3000003
711,337284,6244948,2000002
712,337313,6244944,2000002
713,336439,6244976,3000003
714,336443,6244992,3000003
715,336181,6244987,3000003
716,336177,6245014,3000003
717,338826,6245003,1000001
718,338811,6245006,1000001
719,333243,6244832,3000003
720,333214,6244838,3000003
721,333756,6245033,3000003
722,333752,6245011,3000003
723,335370,6244888,3000003
724,335356,6244892,3000003
725,332170,6244813,3000003
726,332174,6244813,3000003
727,333561,6245032,3000003
728,333567,6245060,3000003
729,337319,6245036,2000002
730,337304,6245038,2000002
731,333444,6245079,3000003
732,333440,6245050,3000003
733,333227,6244863,3000003
734,333257,6244858,3000003
735,333311,6245068,3000003
736,333315,6245097,3000003
737,337665,6245032,2000002
738,337638,6245023,2000002
739,338590,6244966,1000001
740,338580,6244929,1000001
741,332005,6245089,3000003
742,332003,6245065,3000003
743,332005,6245076,3000003
744,332005,6245103,3000003
745,338305,6245126,1000001
746,338304,6245111,1000001
747,331843,6245128,3000003
748,331843,6245127,3000003
749,332839,6244910,3000003
750,332811,6244920,3000003
751,333059,6245109,3000003
752,333062,6245128,3000003
753,334261,6245049,3000003
754,334253,6245049,3000003
755,337261,6245191,2000002
756,337256,6245161,2000002
757,332451,6244977,3000003
758,332441,6244975,3000003
759,332661,6245172,3000003
760,332663,6245181,3000003
761,332253,6245246,3000003
762,332263,6245217,3000003
763,337045,6245227,2000002
764,337038,6245198,2000002
765,332263,6245225,3000003
766,332257,6245252,3000003
767,338832,6245147,1000001
768,338859,6245139,1000001
769,338076,6245169,2000002
770,338058,6245143,2000002
771,338853,6245140,1000001
772,338824,6245146,1000001
773,336682,6245187,3000003
774,336697,6245162,3000003
775,329691,6244277,4000004
776,329714,6244258,4000004
777,337592,6245208,2000002
778,337571,6245203,2000002
779,329704,6244262,4000004
780,329680,6244281,4000004
781,330771,6245294,3000003
782,330767,6245291,3000003
783,337749,6245253,2000002
784,337752,6245282,2000002
785,338673,6245272,1000001
786,338677,6245294,1000001
787,338458,6245302,1000001
788,338462,6245332,1000001
789,336911,6245291,2000002
790,336906,6245291,2000002
791,338254,6245238,1000001
792,338237,6245241,1000001
793,338335,6245322,1000001
794,338341,6245351,1000001
795,335431,6245217,3000003
796,335421,6245219,3000003
797,334273,6245276,3000003
798,334246,6245281,3000003
799,338167,6245379,1000001
800,338163,6245357,1000001
801,337993,6245377,2000002
802,337997,6245406,2000002
803,337548,6245357,2000002
804,337533,6245354,2000002
805,337921,6245343,2000002
806,337894,6245333,2000002
807,337900,6245414,2000002
808,337900,6245413,2000002
809,337529,6245414,2000002
810,337524,6245412,2000002
811,337346,6245298,2000002
812,337362,6245295,2000002
813,337452,6245407,2000002
814,337455,6245422,2000002
815,338879,6245339,1000001
816,338862,6245342,1000001
817,338894,6245451,1000001
818,338887,6245452,1000001
819,338871,6245387,1000001
820,338894,6245384,1000001
821,337822,6245461,2000002
822,337816,6245447,2000002
823,335460,6245438,3000003
824,335475,6245435,3000003
825,337660,6245491,2000002
826,337668,6245517,2000002
827,337369,6245479,2000002
828,337399,6245474,2000002
829,337538,6245526,2000002
830,337538,6245526,2000002
831,336061,6245254,3000003
832,336091,6245261,3000003
833,336078,6245261,3000003
834,336049,6245254,3000003
835,337447,6245530,2000002
836,337448,6245528,2000002
837,337515,6245479,2000002
838,337518,6245481,2000002
839,337520,6245529,2000002
840,337521,6245534,2000002
841,336928,6245437,2000002
842,336949,6245434,2000002
843,335922,6245560,3000003
844,335918,6245532,3000003
845,335707,6245591,3000003
846,335704,6245570,3000003
847,335484,6245560,3000003
848,335481,6245561,3000003
849,335538,6245608,3000003
850,335536,6245593,3000003
851,330621,6245452,3000003
852,330638,6245459,3000003
853,331541,6245329,3000003
854,331551,6245341,3000003
855,337415,6245575,2000002
856,337385,6245580,2000002
857,337454,6245584,2000002
858,337465,6245595,2000002
859,330983,6245506,3000003
860,331001,6245482,3000003
861,331288,6245677,3000003
862,331277,6245658,3000003
863,336966,6245619,2000002
864,336956,6245622,2000002
865,337195,6245672,2000002
866,337194,6245659,2000002
867,336961,6245702,2000002
868,336961,6245701,2000002
869,331288,6245659,3000003
870,331306,6245669,3000003
871,331008,6245502,3000003
872,330991,6245527,3000003
873,330478,6245670,3000003
874,330454,6245657,3000003
875,330460,6245686,3000003
876,330462,6245687,3000003
877,337436,6245708,2000002
878,337406,6245713,2000002
879,336869,6245723,2000002
880,336863,6245710,2000002
881,336474,6245790,3000003
882,336475,6245796,3000003
883,337435,6245799,2000002
884,337444,6245797,2000002
885,335995,6245699,3000003
886,336005,6245701,3000003
887,336056,6245855,3000003
888,336056,6245852,3000003
889,335990,6245703,3000003
890,335980,6245701,3000003
891,337455,6245921,2000002
892,337452,6245921,2000002
893,339728,6245996,1000001
894,339745,6246008,1000001
895,334321,6245715,3000003
896,334315,6245720,3000003
897,337471,6246035,2000002
898,337472,6246035,2000002
899,337331,6245866,2000002
900,337329,6245865,2000002
901,337401,6246095,2000002
902,337400,6246092,2000002
903,337333,6246112,2000002
904,337331,6246097,2000002
905,337262,6246116,2000002
906,337264,6246126,2000002
907,335493,6246115,3000003
908,335484,6246116,3000003
909,339650,6246077,1000001
910,339633,6246054,1000001
911,337011,6245929,2000002
912,337040,6245921,2000002
913,337135,6246145,2000002
914,337130,6246123,2000002
915,335496,6246147,3000003
916,335495,6246147,3000003
917,337128,6246130,2000002
918,337138,6246155,2000002
919,339615,6246123,1000001
920,339626,6246152,1000001
921,339437,6246164,1000001
922,339438,6246161,1000001
923,339282,6246160,1000001
924,339285,6246188,1000001
925,338941,6245843,1000001
926,338970,6245838,1000001
927,335885,6246062,3000003
928,335855,6246050,3000003
929,339074,6246207,1000001
930,339074,6246203,1000001
931,334401,6246126,3000003
932,334380,6246131,3000003
933,334499,6246171,3000003
934,334507,6246200,3000003
935,339010,6246225,1000001
936,339005,6246229,1000001
937,335500,6246193,3000003
938,335499,6246193,3000003
939,335620,6246210,3000003
940,335621,6246232,3000003
941,334858,6246128,3000003
942,334859,6246138,3000003
943,332744,6245757,3000003
944,332771,6245745,3000003
945,339476,6246218,1000001
946,339463,6246221,1000001
947,339744,6246206,1000001
948,339733,6246176,1000001
949,333990,6245610,3000003
950,334019,6245609,3000003
951,334294,6246293,3000003
952,334284,6246267,3000003
953,335134,6246282,3000003
954,335122,6246300,3000003
955,333163,6246294,3000003
956,333150,6246303,3000003
957,337205,6246230,2000002
958,337220,6246232,2000002
959,333642,6245666,3000003
960,333616,6245681,3000003
961,333986,6246316,3000003
962,333988,6246329,3000003
963,335227,6246342,3000003
964,335209,6246366,3000003
965,335805,6246121,3000003
966,335835,6246124,3000003
967,335738,6246303,3000003
968,335715,6246301,3000003
969,335504,6246326,3000003
970,335529,6246322,3000003
971,335639,6246426,3000003
972,335635,6246403,3000003
973,333213,6246394,3000003
974,333236,6246376,3000003
975,333813,6246392,3000003
976,333828,6246388,3000003
977,339949,6246366,1000001
978,339961,6246374,1000001
979,335489,6246449,3000003
980,335484,6246420,3000003
981,338173,6245939,2000002
982,338144,6245948,2000002
983,338653,6246292,1000001
984,338644,6246263,1000001
985,339502,6246364,1000001
986,339481,6246369,1000001
987,339551,6246444,1000001
988,339550,6246442,1000001
989,335314,6246424,3000003
990,335314,6246425,3000003
991,335400,6246458,3000003
992,335398,6246442,3000003
993,331648,6246024,3000003
994,331671,6246004,3000003
995,331660,6246008,3000003
996,331637,6246027,3000003
997,337602,6246285,2000002
998,337591,6246286,2000002
999,337240,6246432,2000002
1000,337235,6246431,2000002
1001,337454,6246502,2000002
1002,337452,6246472,2000002
1003,337665,6246525,2000002
1004,337665,6246525,2000002
1005,337115,6246537,2000002
1006,337113,6246533,2000002
1007,331435,6246432,3000003
1008,331432,6246404,3000003
1009,332899,6246407,3000003
1010,332909,6246428,3000003
1011,339030,6246409,1000001
1012,339059,6246402,1000001
1013,336856,6246581,3000003
1014,336854,6246566,3000003
1015,336869,6246332,3000003
1016,336890,6246353,3000003
1017,339308,6246539,1000001
1018,339319,6246566,1000001
1019,336883,6246348,3000003
1020,336861,6246328,3000003
1021,332572,6246590,3000003
1022,332570,6246574,3000003
1023,332452,6246595,3000003
1024,332454,6246610,3000003
1025,331856,6246549,3000003
1026,331878,6246545,3000003
1027,337836,6246572,2000002
1028,337825,6246600,2000002
1029,338140,6246484,2000002
1030,338143,6246472,2000002
1031,331871,6246563,3000003
1032,331842,6246570,3000003
1033,330836,6246580,3000003
1034,330825,6246553,3000003
1035,334213,6246479,3000003
1036,334205,6246475,3000003
1037,331941,6246678,3000003
1038,331943,6246648,3000003
1039,331924,6246669,3000003
1040,331938,6246642,3000003
1041,332212,6246654,3000003
1042,332207,6246625,3000003
1043,331950,6246659,3000003
1044,331952,6246689,3000003
1045,337679,6246594,2000002
1046,337653,6246598,2000002
1047,332732,6246646,3000003
1048,332729,6246648,3000003
1049,338069,6246655,2000002
1050,338062,6246663,2000002
1051,338130,6246718,2000002
1052,338130,6246718,2000002
1053,332777,6246716,3000003
1054,332784,6246710,3000003
1055,332814,6246756,3000003
1056,332812,6246757,3000003
1057,338267,6246761,2000002
1058,338253,6246791,2000002
1059,338395,6246610,1000001
1060,338365,6246616,1000001
1061,336769,6246690,3000003
1062,336797,6246683,3000003
1063,336617,6246729,3000003
1064,336593,6246708,3000003
1065,336606,6246712,3000003
1066,336633,6246731,3000003
1067,331085,6246706,3000003
1068,331105,6246692,3000003
1069,331141,6246681,3000003
1070,331122,6246690,3000003
1071,333864,6246648,3000003
1072,333834,6246650,3000003
1073,339092,6246783,1000001
1074,339120,6246785,1000001
1075,332883,6246862,3000003
1076,332896,6246852,3000003
1077,336517,6246909,3000003
1078,336540,6246892,3000003
1079,338968,6246945,1000001
1080,338978,6246971,1000001
1081,332965,6246964,3000003
1082,332965,6246965,3000003
1083,336517,6246882,3000003
1084,336512,6246907,3000003
1085,338891,6246987,1000001
1086,338890,6246987,1000001
1087,338881,6246996,1000001
1088,338876,6246998,1000001
1089,331261,6246929,3000003
1090,331245,6246953,3000003
1091,336240,6246918,3000003
1092,336253,6246940,3000003
1093,333819,6246937,3000003
1094,333834,6246941,3000003
1095,333957,6246934,3000003
1096,333945,6246952,3000003
1097,334164,6246840,3000003
1098,334190,6246855,3000003
1099,336245,6246931,3000003
1100,336230,6246905,3000003
1101,338420,6246904,1000001
1102,338434,6246900,1000001
1103,337675,6246852,2000002
1104,337661,6246854,2000002
1105,337900,6246867,2000002
1106,337883,6246857,2000002
1107,338544,6246877,1000001
1108,338518,6246893,1000001
1109,338729,6247001,1000001
1110,338737,6247028,1000001
1111,335164,6246759,3000003
1112,335139,6246741,3000003
1113,334827,6246585,3000003
1114,334798,6246599,3000003
1115,339569,6246866,1000001
1116,339536,6246895,1000001
1117,334394,6246869,3000003
1118,334370,6246880,3000003
1119,337649,6247056,2000002
1120,337657,6247068,2000002
1121,333043,6247050,3000003
1122,333053,6247037,3000003
1123,333792,6247054,3000003
1124,333789,6247053,3000003
1125,338601,6247081,1000001
1126,338598,6247083,1000001
1127,331765,6246900,3000003
1128,331793,6246912,3000003
1129,338453,6247082,1000001
1130,338468,6247080,1000001
1131,338510,6247077,1000001
1132,338518,6247091,1000001
1133,334672,6247109,3000003
1134,334677,6247078,3000003
1135,331551,6247052,3000003
1136,331542,6247073,3000003
1137,337582,6247113,2000002
1138,337581,6247112,2000002
1139,338837,6247065,1000001
1140,338865,6247075,1000001
1141,334164,6247066,3000003
1142,334147,6247089,3000003
1143,334358,6247108,3000003
1144,334355,6247104,3000003
1145,333152,6247121,3000003
1146,333151,6247123,3000003
1147,336866,6247007,3000003
1148,336873,6246978,3000003
1149,337704,6247087,2000002
1150,337689,6247090,2000002
1151,337623,6247169,2000002
1152,337628,6247148,2000002
1153,338815,6247155,1000001
1154,338815,6247155,1000001
1155,333259,6247185,3000003
1156,333264,6247171,3000003
1157,331638,6247160,3000003
1158,331666,6247172,3000003
1159,337189,6247223,2000002
1160,337195,6247201,2000002
1161,335778,6246816,3000003
1162,335809,6246819,3000003
1163,333372,6247212,3000003
1164,333371,6247215,3000003
1165,333738,6247159,3000003
1166,333751,6247163,3000003
1167,338967,6247174,1000001
1168,338975,6247148,1000001
1169,337721,6247190,2000002
1170,337706,6247192,2000002
1171,338094,6247187,2000002
1172,338089,6247160,2000002
1173,337354,6247227,2000002
1174,337357,6247212,2000002
1175,337482,6247186,2000002
1176,337482,6247184,2000002
1177,334298,6247185,3000003
1178,334282,6247200,3000003
1179,338465,6247182,1000001
1180,338480,6247180,1000001
1181,335736,6247247,3000003
1182,335752,6247223,3000003
1183,335905,6247145,3000003
1184,335891,6247129,3000003
1185,337562,6247263,2000002
1186,337563,6247240,2000002
1187,331642,6247157,3000003
1188,331666,6247168,3000003
1189,333472,6247260,3000003
1190,333479,6247231,3000003
1191,338675,6247183,1000001
1192,338651,6247186,1000001
1193,338732,6247233,1000001
1194,338753,6247256,1000001
1195,333563,6247273,3000003
1196,333563,6247274,3000003
1197,333400,6246220,3000003
1198,333367,6246224,3000003
1199,338638,6247288,1000001
1200,338639,6247288,1000001
1201,333630,6247304,3000003
1202,333636,6247283,3000003
1203,333699,6247268,3000003
1204,333697,6247268,3000003
1205,339486,6247318,1000001
1206,339473,6247292,1000001
1207,338499,6247286,1000001
1208,338484,6247288,1000001
1209,335693,6247274,3000003
1210,335694,6247275,3000003
1211,335728,6247304,3000003
1212,335715,6247285,3000003
1213,335802,6246878,3000003
1214,335772,6246877,3000003
1215,335857,6247164,3000003
1216,335876,6247188,3000003
1217,334376,6247296,3000003
1218,334387,6247286,3000003
1219,335609,6247346,3000003
1220,335606,6247331,3000003
1221,335607,6247340,3000003
1222,335608,6247355,3000003
1223,333305,6247382,3000003
1224,333307,6247353,3000003
1225,333395,6247301,3000003
1226,333370,6247293,3000003
1227,331577,6247301,3000003
1228,331604,6247313,3000003
1229,335265,6247363,3000003
1230,335267,6247386,3000003
1231,334931,6247227,3000003
1232,334910,6247231,3000003
1233,334458,6247367,3000003
1234,334442,6247382,3000003
1235,337667,6247321,2000002
1236,337694,6247332,2000002
1237,333445,6247390,3000003
1238,333441,6247404,3000003
1239,333560,6247354,3000003
1240,333550,6247350,3000003
1241,333645,6247381,3000003
1242,333649,6247383,3000003
1243,333906,6247398,3000003
1244,333914,6247371,3000003
1245,334082,6247233,3000003
1246,334112,6247230,3000003
1247,334309,6247445,3000003
1248,334305,6247416,3000003
1249,334510,6247423,3000003
1250,334486,6247441,3000003
1251,334735,6247422,3000003
1252,334738,6247445,3000003
1253,338515,6247419,1000001
1254,338496,6247423,1000001
1255,332648,6247390,3000003
1256,332663,6247418,3000003
1257,337650,6247468,2000002
1258,337676,6247454,2000002
1259,338522,6247508,1000001
1260,338523,6247507,1000001
1261,338594,6247420,1000001
1262,338566,6247409,1000001
1263,332019,6247533,3000003
1264,332010,6247517,3000003
1265,332005,6247509,3000003
1266,332021,6247534,3000003
1267,338502,6247558,1000001
1268,338502,6247558,1000001
1269,333512,6247509,3000003
1270,333490,6247504,3000003
1271,338532,6247568,1000001
1272,338533,6247568,1000001
1273,333521,6247592,3000003
1274,333518,6247606,3000003
1275,333590,6247531,3000003
1276,333586,6247530,3000003
1277,333604,6247602,3000003
1278,333599,6247630,3000003
1279,331503,6247523,3000003
1280,331533,6247518,3000003
1281,337733,6247559,2000002
1282,337708,6247573,2000002
1283,337930,6247627,2000002
1284,337927,6247605,2000002
1285,334152,6247553,3000003
1286,334158,6247554,3000003
1287,334052,6247655,3000003
1288,334053,6247682,3000003
1289,331715,6247601,3000003
1290,331711,6247626,3000003
1291,331890,6247607,3000003
1292,331914,6247625,3000003
1293,337721,6247665,2000002
1294,337715,6247651,2000002
1295,331581,6247693,3000003
1296,331606,6247678,3000003
1297,330869,6247419,3000003
1298,330838,6247425,3000003
1299,337439,6247496,2000002
1300,337467,6247514,2000002
1301,337594,6247727,2000002
1302,337585,6247699,2000002
1303,334993,6247566,3000003
1304,335009,6247563,3000003
1305,338104,6247668,2000002
1306,338089,6247670,2000002
1307,338417,6247682,2000002
1308,338390,6247671,2000002
1309,331693,6247760,3000003
1310,331685,6247773,3000003
1311,331810,6247743,3000003
1312,331787,6247725,3000003
1313,331643,6247786,3000003
1314,331658,6247772,3000003
1315,339486,6247508,1000001
1316,339490,6247505,1000001
1317,333450,6247704,3000003
1318,333434,6247699,3000003
1319,333916,6247746,3000003
1320,333917,6247748,3000003
1321,333720,6247719,3000003
1322,333704,6247731,3000003
1323,333814,6247822,3000003
1324,333815,6247831,3000003
1325,333681,6247741,3000003
1326,333707,6247728,3000003
1327,334657,6247652,3000003
1328,334655,6247650,3000003
1329,333446,6247837,3000003
1330,333453,6247818,3000003
1331,333527,6247726,3000003
1332,333530,6247727,3000003
1333,334572,6247869,3000003
1334,334568,6247848,3000003
1335,339188,6247858,1000001
1336,339190,6247866,1000001
1337,334368,6247900,3000003
1338,334363,6247878,3000003
1339,338977,6247896,1000001
1340,338972,6247885,1000001
1341,334155,6247785,3000003
1342,334184,6247782,3000003
1343,334228,6247914,3000003
1344,334226,6247906,3000003
1345,338550,6247762,1000001
1346,338579,6247755,1000001
1347,338836,6247930,1000001
1348,338832,6247902,1000001
1349,338706,6247935,1000001
1350,338706,6247934,1000001
1351,338611,6247925,1000001
1352,338601,6247941,1000001
1353,338657,6247940,1000001
1354,338658,6247941,1000001
1355,338347,6247869,2000002
1356,338348,6247869,2000002
1357,338567,6247948,1000001
1358,338556,6247929,1000001
1359,338561,6247935,1000001
1360,338562,6247957,1000001
1361,331781,6247898,3000003
1362,331799,6247874,3000003
1363,338414,6247960,2000002
1364,338414,6247965,2000002
1365,338134,6247908,2000002
1366,338133,6247907,2000002
1367,338220,6247980,2000002
1368,338227,6248006,2000002
1369,335694,6247441,3000003
1370,335666,6247428,3000003
1371,338280,6248009,2000002
1372,338280,6248009,2000002
1373,335834,6247950,3000003
1374,335826,6247929,3000003
1375,335830,6247943,3000003
1376,335839,6247972,3000003
1377,335605,6247709,3000003
1378,335629,6247713,3000003
1379,335618,6247694,3000003
1380,335589,6247690,3000003
1381,338009,6248009,2000002
1382,338015,6248038,2000002
1383,334195,6247995,3000003
1384,334196,6247995,3000003
1385,335521,6248062,3000003
1386,335509,6248044,3000003
1387,337879,6248066,2000002
1388,337872,6248067,2000002
1389,337395,6247908,2000002
1390,337368,6247903,2000002
1391,334669,6247979,3000003
1392,334644,6247981,3000003
1393,334684,6247979,3000003
1394,334706,6247975,3000003
1395,336173,6248000,3000003
1396,336158,6248005,3000003
1397,335445,6248111,3000003
1398,335450,6248115,3000003
1399,337879,6248128,2000002
1400,337893,6248126,2000002
1401,335388,6248195,3000003
1402,335366,6248175,3000003
1403,334694,6248165,3000003
1404,334672,6248169,3000003
1405,331989,6248146,3000003
1406,332005,6248119,3000003
1407,334552,6248066,3000003
1408,334575,6248054,3000003
1409,334220,6248156,3000003
1410,334218,6248156,3000003
1411,339952,6248181,1000001
1412,339972,6248148,1000001
1413,335540,6248145,3000003
1414,335525,6248142,3000003
1415,338207,6248143,2000002
1416,338190,6248132,2000002
1417,332206,6248228,3000003
1418,332197,6248256,3000003
1419,339414,6248043,1000001
1420,339392,6248047,1000001
1421,333490,6248049,3000003
1422,333499,6248051,3000003
1423,334145,6248255,3000003
1424,334143,6248247,3000003
1425,337903,6248220,2000002
1426,337900,6248220,2000002
1427,340322,6248245,1000001
1428,340321,6248244,1000001
1429,338024,6248259,2000002
1430,338028,6248283,2000002
1431,336288,6248233,3000003
1432,336274,6248237,3000003
1433,339033,6248101,1000001
1434,339062,6248096,1000001
1435,339260,6248284,1000001
1436,339256,6248277,1000001
1437,338130,6248280,2000002
1438,338151,6248276,2000002
1439,338150,6248278,2000002
1440,338127,6248280,2000002
1441,338632,6248127,1000001
1442,338602,6248132,1000001
1443,338613,6248134,1000001
1444,338642,6248128,1000001
1445,333843,6248296,3000003
1446,333843,6248287,3000003
1447,333580,6248296,3000003
1448,333594,6248290,3000003
1449,338673,6248343,1000001
1450,338685,6248333,1000001
1451,338891,6248342,1000001
1452,338890,6248326,1000001
1453,332339,6248305,3000003
1454,332353,6248279,3000003
1455,338161,6248336,2000002
1456,338132,6248341,2000002
1457,335064,6248053,3000003
1458,335094,6248049,3000003
1459,335241,6248308,3000003
1460,335227,6248285,3000003
1461,335057,6248054,3000003
1462,335087,6248050,3000003
1463,335119,6248371,3000003
1464,335119,6248370,3000003
1465,335048,6247883,3000003
1466,335019,6247887,3000003
1467,335111,6248373,3000003
1468,335111,6248372,3000003
1469,335039,6247884,3000003
1470,335010,6247889,3000003
1471,335104,6248375,3000003
1472,335104,6248374,3000003
1473,335227,6248293,3000003
1474,335246,6248316,3000003
1475,338667,6248368,1000001
1476,338674,6248382,1000001
1477,333441,6248109,3000003
1478,333411,6248113,3000003
1479,333575,6248380,3000003
1480,333582,6248402,3000003
1481,337907,6248346,2000002
1482,337937,6248341,2000002
1483,338043,6248398,2000002
1484,338039,6248370,2000002
1485,334994,6248386,3000003
1486,334998,6248409,3000003
1487,332468,6248387,3000003
1488,332456,6248397,3000003
1489,334710,6248325,3000003
1490,334698,6248329,3000003
1491,334917,6248415,3000003
1492,334911,6248387,3000003
1493,338164,6248399,2000002
1494,338143,6248404,2000002
1495,338606,6248401,1000001
1496,338628,6248422,1000001
1497,335514,6248234,3000003
1498,335543,6248239,3000003
1499,334811,6248417,3000003
1500,334815,6248439,3000003
1501,340294,6248360,1000001
1502,340316,6248357,1000001
1503,338574,6248467,1000001
1504,338564,6248457,1000001
1505,338277,6248437,2000002
1506,338266,6248464,2000002
1507,338077,6248493,2000002
1508,338078,6248494,2000002
1509,335504,6248380,3000003
1510,335475,6248376,3000003
1511,337963,6248505,2000002
1512,337963,6248505,2000002
1513,335477,6248471,3000003
1514,335493,6248475,3000003
1515,338154,6248502,2000002
1516,338149,6248502,2000002
1517,337940,6248518,2000002
1518,337947,6248516,2000002
1519,338158,6248532,2000002
1520,338149,6248533,2000002
1521,338423,6248515,2000002
1522,338411,6248542,2000002
1523,338519,6248531,2000002
1524,338499,6248509,2000002
1525,338089,6248552,2000002
1526,338089,6248552,2000002
1527,338515,6248523,2000002
1528,338516,6248523,2000002
1529,338057,6248555,2000002
1530,338057,6248556,2000002
1531,338025,6248558,2000002
1532,338025,6248559,2000002
1533,338006,6248560,2000002
1534,338006,6248561,2000002
1535,337991,6248563,2000002
1536,337991,6248563,2000002
1537,337950,6248549,2000002
1538,337958,6248548,2000002
1539,337972,6248575,2000002
1540,337970,6248568,2000002
1541,336377,6248448,3000003
1542,336401,6248433,3000003
1543,338275,6248584,2000002
1544,338265,6248558,2000002
1545,336353,6248460,3000003
1546,336328,6248474,3000003
1547,337953,6248581,2000002
1548,337953,6248581,2000002
1549,337727,6248511,2000002
1550,337739,6248539,2000002
1551,338229,6248596,2000002
1552,338215,6248564,2000002
1553,334248,6248417,3000003
1554,334263,6248415,3000003
1555,334506,6248515,3000003
1556,334495,6248488,3000003
1557,337957,6248597,2000002
1558,337952,6248598,2000002
1559,338454,6248579,2000002
1560,338468,6248595,2000002
1561,334499,6248494,3000003
1562,334510,6248522,3000003
1563,338466,6248573,2000002
1564,338468,6248596,2000002
1565,335528,6248321,3000003
1566,335551,6248326,3000003
1567,338184,6248573,2000002
1568,338192,6248603,2000002
1569,334085,6248442,3000003
1570,334082,6248442,3000003
1571,334200,6248627,3000003
1572,334192,6248598,3000003
1573,335457,6248570,3000003
1574,335428,6248562,3000003
1575,335450,6248568,3000003
1576,335465,6248573,3000003
1577,337401,6248381,2000002
1578,337378,6248385,2000002
1579,334193,6248605,3000003
1580,334201,6248634,3000003
1581,340389,6248538,1000001
1582,340377,6248547,1000001
1583,336496,6248603,3000003
1584,336483,6248610,3000003
1585,336959,6248561,3000003
1586,336958,6248531,3000003
1587,337328,6248660,3000003
1588,337327,6248629,3000003
1589,334901,6248536,3000003
1590,334929,6248529,3000003
1591,336604,6248671,3000003
1592,336598,6248639,3000003
1593,336970,6248553,3000003
1594,336969,6248583,3000003
1595,337287,6248655,3000003
1596,337297,6248628,3000003
1597,337328,6248673,3000003
1598,337326,6248651,3000003
1599,336573,6248645,3000003
1600,336569,6248675,3000003
1601,336673,6248675,3000003
1602,336659,6248649,3000003
1603,337687,6248670,2000002
1604,337684,6248640,2000002
1605,336664,6248660,3000003
1606,336669,6248683,3000003
1607,337328,6248664,3000003
1608,337323,6248678,3000003
1609,333644,6248535,3000003
1610,333675,6248532,3000003
1611,333908,6248669,3000003
1612,333903,6248640,3000003
1613,338600,6248624,1000001
1614,338588,6248637,1000001
1615,333660,6248520,3000003
1616,333632,6248529,3000003
1617,337964,6248648,2000002
1618,337959,6248648,2000002
1619,333901,6248647,3000003
1620,333908,6248676,3000003
1621,337659,6248660,2000002
1622,337662,6248690,2000002
1623,337272,6248659,3000003
1624,337253,6248671,3000003
1625,329226,6248629,3000003
1626,329234,6248600,3000003
1627,336647,6248676,3000003
1628,336652,6248685,3000003
1629,340422,6248581,1000001
1630,340428,6248578,1000001
1631,329234,6248609,3000003
1632,329226,6248638,3000003
1633,333614,6248717,3000003
1634,333605,6248688,3000003
1635,340509,6248665,1000001
1636,340487,6248685,1000001
1637,341021,6248732,1000001
1638,341021,6248732,1000001
1639,334770,6248583,3000003
1640,334749,6248589,3000003
1641,334850,6248677,3000003
1642,334866,6248701,3000003
1643,333490,6248734,3000003
1644,333480,6248708,3000003
1645,333563,6248702,3000003
1646,333571,6248731,3000003
1647,329694,6248726,3000003
1648,329698,6248711,3000003
1649,333469,6248735,3000003
1650,333458,6248708,3000003
1651,335409,6248683,3000003
1652,335431,6248689,3000003
1653,341135,6248749,1000001
1654,341141,6248716,1000001
1655,329698,6248730,3000003
1656,329697,6248732,3000003
1657,341252,6248763,1000001
1658,341247,6248770,1000001
1659,341259,6248774,1000001
1660,341259,6248774,1000001
1661,338747,6248730,1000001
1662,338732,6248756,1000001
1663,338753,6248759,1000001
1664,338764,6248731,1000001
1665,336527,6248768,3000003
1666,336525,6248767,3000003
1667,339915,6248798,1000001
1668,339914,6248786,1000001
1669,332653,6248655,3000003
1670,332670,6248629,3000003
1671,341270,6248792,1000001
1672,341270,6248793,1000001
1673,336546,6248747,3000003
1674,336559,6248762,3000003
1675,333180,6248758,3000003
1676,333186,6248788,3000003
1677,340730,6248827,1000001
1678,340736,6248797,1000001
1679,336784,6248781,3000003
1680,336794,6248753,3000003
1681,340732,6248808,1000001
1682,340731,6248837,1000001
1683,339543,6248556,1000001
1684,339518,6248567,1000001
1685,332678,6248649,3000003
1686,332656,6248669,3000003
1687,339725,6248806,1000001
1688,339740,6248832,1000001
1689,333690,6248766,3000003
1690,333660,6248767,3000003
1691,333668,6248764,3000003
1692,333698,6248766,3000003
1693,337268,6248771,3000003
1694,337253,6248767,3000003
1695,337129,6248862,3000003
1696,337134,6248835,3000003
1697,337251,6248780,3000003
1698,337280,6248784,3000003
1699,339660,6248877,1000001
1700,339646,6248861,1000001
1701,328639,6248658,3000003
1702,328671,6248676,3000003
1703,339183,6248881,1000001
1704,339187,6248851,1000001
1705,339587,6248934,1000001
1706,339577,6248921,1000001
1707,337703,6248735,2000002
1708,337693,6248714,2000002
1709,339184,6248858,1000001
1710,339180,6248888,1000001
1711,336055,6248758,3000003
1712,336062,6248789,3000003
1713,337412,6248933,2000002
1714,337418,6248904,2000002
1715,330690,6248787,3000003
1716,330697,6248758,3000003
1717,341243,6248886,1000001
1718,341268,6248884,1000001
1719,328786,6248948,3000003
1720,328783,6248970,3000003
1721,330704,6248768,3000003
1722,330697,6248798,3000003
1723,331613,6248968,3000003
1724,331608,6248967,3000003
1725,335400,6248794,3000003
1726,335426,6248809,3000003
1727,335928,6248859,3000003
1728,335925,6248828,3000003
1729,335380,6248810,3000003
1730,335352,6248800,3000003
1731,335339,6248859,3000003
1732,335363,6248872,3000003
1733,335344,6248860,3000003
1734,335366,6248869,3000003
1735,338961,6248884,1000001
1736,338938,6248894,1000001
1737,338991,6248984,1000001
1738,338991,6248984,1000001
1739,335292,6248983,3000003
1740,335292,6248984,3000003
1741,335468,6248961,3000003
1742,335475,6248991,3000003
1743,335469,6248967,3000003
1744,335474,6248996,3000003
1745,328890,6248758,3000003
1746,328861,6248765,3000003
1747,335260,6249019,3000003
1748,335261,6249020,3000003
1749,335175,6248703,3000003
1750,335205,6248700,3000003
1751,335256,6249016,3000003
1752,335248,6249002,3000003
1753,335160,6248707,3000003
1754,335189,6248702,3000003
1755,335181,6248705,3000003
1756,335151,6248709,3000003
1757,335165,6248709,3000003
1758,335136,6248714,3000003
1759,338961,6249041,1000001
1760,338961,6249041,1000001
1761,336971,6248935,3000003
1762,336941,6248931,3000003
1763,339014,6249037,1000001
1764,338996,6249047,1000001
1765,339293,6249079,1000001
1766,339292,6249048,1000001
1767,339068,6249104,1000001
1768,339074,6249075,1000001
1769,331855,6249031,3000003
1770,331859,6249021,3000003
1771,335199,6249063,3000003
1772,335229,6249062,3000003
1773,335215,6249052,3000003
1774,335240,6249063,3000003
1775,333721,6248978,3000003
1776,333750,6248965,3000003
1777,335219,6249067,3000003
1778,335189,6249071,3000003
1779,335214,6249068,3000003
1780,335198,6249068,3000003
1781,331857,6249039,3000003
1782,331855,6249043,3000003
1783,338874,6249073,1000001
1784,338890,6249096,1000001
1785,339078,6249092,1000001
1786,339083,6249105,1000001
1787,338790,6249122,1000001
1788,338785,6249116,1000001
1789,328719,6249127,3000003
1790,328737,6249109,3000003
1791,328925,6249070,3000003
1792,328910,6249071,3000003
1793,335251,6249076,3000003
1794,335224,6249065,3000003
1795,335269,6249075,3000003
1796,335248,6249067,3000003
1797,332983,6248986,3000003
1798,333008,6248970,3000003
1799,334819,6248934,3000003
1800,334800,6248938,3000003
1801,335033,6249136,3000003
1802,335022,6249109,3000003
1803,332261,6249121,3000003
1804,332258,6249151,3000003
1805,329004,6249147,3000003
1806,329002,6249170,3000003
1807,329004,6249149,3000003
1808,329005,6249126,3000003
1809,341332,6249050,1000001
1810,341326,6249049,1000001
1811,335216,6249156,3000003
1812,335215,6249156,3000003
1813,335257,6249076,3000003
1814,335272,6249082,3000003
1815,332616,6249138,3000003
1816,332616,6249166,3000003
1817,336283,6249019,3000003
1818,336266,6248994,3000003
1819,333179,6249145,3000003
1820,333180,6249116,3000003
1821,335216,6249136,3000003
1822,335201,6249135,3000003
1823,336272,6248999,3000003
1824,336289,6249024,3000003
1825,339542,6249092,1000001
1826,339554,6249083,1000001
1827,332853,6249156,3000003
1828,332848,6249185,3000003
1829,332581,6249155,3000003
1830,332585,6249125,3000003
1831,333006,6248996,3000003
1832,332981,6249014,3000003
1833,341169,6249186,1000001
1834,341165,6249157,1000001
1835,341165,6249163,1000001
1836,341167,6249189,1000001
1837,333066,6249184,3000003
1838,333077,6249168,3000003
1839,333159,6249200,3000003
1840,333160,6249184,3000003
1841,335207,6249180,3000003
1842,335203,6249178,3000003
1843,332984,6249183,3000003
1844,332982,6249198,3000003
1845,333256,6249206,3000003
1846,333257,6249191,3000003
1847,329329,6249189,3000003
1848,329331,6249168,3000003
1849,329603,6248957,3000003
1850,329589,6248954,3000003
1851,333351,6249211,3000003
1852,333352,6249196,3000003
1853,333441,6248970,3000003
1854,333412,6248967,3000003
1855,340210,6248996,1000001
1856,340199,6248996,1000001
1857,339555,6249193,1000001
1858,339555,6249188,1000001
1859,333149,6249198,3000003
1860,333148,6249219,3000003
1861,340455,6249216,1000001
1862,340456,6249191,1000001
1863,333310,6249204,3000003
1864,333309,6249227,3000003
1865,340456,6249197,1000001
1866,340455,6249226,1000001
1867,329684,6249206,3000003
1868,329681,6249226,3000003
1869,329780,6248987,3000003
1870,329752,6248986,3000003
1871,338696,6249165,1000001
1872,338717,6249187,1000001
1873,339689,6249092,1000001
1874,339711,6249071,1000001
1875,339781,6249217,1000001
1876,339790,6249205,1000001
1877,339702,6249073,1000001
1878,339681,6249095,1000001
1879,333578,6249229,3000003
1880,333580,6249199,3000003
1881,333760,6249162,3000003
1882,333787,6249174,3000003
1883,333817,6249179,3000003
1884,333844,6249166,3000003
1885,334292,6248933,3000003
1886,334322,6248931,3000003
1887,338639,6249249,2000002
1888,338635,6249244,2000002
1889,333576,6249214,3000003
1890,333573,6249243,3000003
1891,333742,6249252,3000003
1892,333743,6249253,3000003
1893,336807,6249183,3000003
1894,336787,6249162,3000003
1895,335179,6249239,3000003
1896,335178,6249238,3000003
1897,335196,6249243,3000003
1898,335174,6249237,3000003
1899,335175,6249246,3000003
1900,335189,6249252,3000003
1901,339638,6249220,1000001
1902,339641,6249200,1000001
1903,341297,6249230,1000001
1904,341322,6249243,1000001
1905,332785,6249228,3000003
1906,332799,6249233,3000003
1907,332841,6249247,3000003
1908,332821,6249228,3000003
1909,337197,6249097,3000003
1910,337167,6249091,3000003
1911,337175,6249093,3000003
1912,337204,6249098,3000003
1913,334862,6249233,3000003
1914,334841,6249236,3000003
1915,335014,6249284,3000003
1916,335014,6249308,3000003
1917,334183,6248986,3000003
1918,334155,6248999,3000003
1919,334287,6249292,3000003
1920,334316,6249289,3000003
1921,334568,6249219,3000003
1922,334557,6249191,3000003
1923,341244,6249315,1000001
1924,341243,6249313,1000001
1925,333834,6249307,3000003
1926,333845,6249278,3000003
1927,333907,6249312,3000003
1928,333882,6249321,3000003
1929,338552,6249297,2000002
1930,338574,6249318,2000002
1931,333889,6249319,3000003
1932,333914,6249303,3000003
1933,333843,6249296,3000003
1934,333831,6249324,3000003
1935,338507,6249381,2000002
1936,338503,6249376,2000002
1937,334300,6249385,3000003
1938,334275,6249371,3000003
1939,334287,6249410,3000003
1940,334278,6249391,3000003
1941,334279,6249405,3000003
1942,334281,6249415,3000003
1943,329746,6249322,3000003
1944,329724,6249319,3000003
1945,341185,6249381,1000001
1946,341210,6249397,1000001
1947,334221,6249426,3000003
1948,334225,6249432,3000003
1949,334193,6249453,3000003
1950,334193,6249452,3000003
1951,336098,6249314,3000003
1952,336071,6249328,3000003
1953,334178,6249463,3000003
1954,334178,6249462,3000003
1955,334160,6249474,3000003
1956,334161,6249475,3000003
1957,338435,6249437,2000002
1958,338451,6249453,2000002
1959,333945,6249440,3000003
1960,333921,6249456,3000003
1961,333934,6249452,3000003
1962,333955,6249449,3000003
1963,334004,6249441,3000003
1964,333994,6249458,3000003
1965,333995,6249444,3000003
1966,334012,6249424,3000003
1967,336494,6249451,3000003
1968,336480,6249425,3000003
1969,335992,6249481,3000003
1970,335977,6249451,3000003
1971,336247,6249527,3000003
1972,336242,6249498,3000003
1973,338382,6249510,2000002
1974,338382,6249510,2000002
1975,334119,6249512,3000003
1976,334109,6249492,3000003
1977,334323,6249457,3000003
1978,334337,6249453,3000003
1979,334582,6249370,3000003
1980,334593,6249398,3000003
1981,334336,6249466,3000003
1982,334306,6249470,3000003
1983,335269,6249348,3000003
1984,335240,6249356,3000003
1985,335631,6249296,3000003
1986,335619,6249269,3000003
1987,338264,6249529,2000002
1988,338271,6249550,2000002
1989,336238,6249532,3000003
1990,336230,6249541,3000003
1991,337024,6249417,3000003
1992,337043,6249428,3000003
1993,340998,6249518,1000001
1994,340968,6249502,1000001
1995,333971,6249540,3000003
1996,333956,6249544,3000003
1997,340597,6249395,1000001
1998,340594,6249395,1000001
1999,335262,6249575,3000003
2000,335247,6249551,3000003
2001,341184,6249509,1000001
2002,341162,6249511,1000001
2003,335571,6249296,3000003
2004,335582,6249324,3000003
2005,340540,6249607,1000001
2006,340534,6249578,1000001
2007,338224,6249579,2000002
2008,338223,6249579,2000002
2009,340385,6249595,1000001
2010,340388,6249615,1000001
2011,334900,6249473,3000003
2012,334871,6249477,3000003
2013,337006,6249607,3000003
2014,337029,6249591,3000003
2015,337105,6249479,3000003
2016,337076,6249472,3000003
2017,335133,6249421,3000003
2018,335162,6249425,3000003
2019,335157,6249615,3000003
2020,335150,6249601,3000003
2021,335123,6249457,3000003
2022,335153,6249462,3000003
2023,335147,6249462,3000003
2024,335117,6249458,3000003
2025,334855,6249640,3000003
2026,334852,6249625,3000003
2027,335143,6249464,3000003
2028,335113,6249459,3000003
2029,335150,6249608,3000003
2030,335161,6249627,3000003
2031,339923,6249445,1000001
2032,339949,6249430,1000001
2033,340178,6249646,1000001
2034,340173,6249619,1000001
2035,339940,6249430,1000001
2036,339915,6249446,1000001
2037,340023,6249650,1000001
2038,340023,6249650,1000001
2039,334345,6249587,3000003
2040,334348,6249588,3000003
2041,334349,6249589,3000003
2042,334324,6249594,3000003
2043,341154,6249623,1000001
2044,341184,6249624,1000001
2045,334725,6249661,3000003
2046,334725,6249658,3000003
2047,334615,6249687,3000003
2048,334614,6249659,3000003
2049,334304,6249682,3000003
2050,334297,6249655,3000003
2051,336969,6249631,3000003
2052,336944,6249616,3000003
2053,341163,6249673,1000001
2054,341163,6249673,1000001
2055,334598,6249678,3000003
2056,334594,6249687,3000003
2057,336273,6249642,3000003
2058,336298,6249621,3000003
2059,334362,6249692,3000003
2060,334373,6249688,3000003
2061,334452,6249691,3000003
2062,334450,6249676,3000003
2063,334366,6249691,3000003
2064,334351,6249694,3000003
2065,336888,6249699,3000003
2066,336910,6249718,3000003
2067,334531,6249711,3000003
2068,334541,6249708,3000003
2069,334580,6249717,3000003
2070,334577,6249714,3000003
2071,336861,6249737,3000003
2072,336859,6249731,3000003
2073,336909,6249717,3000003
2074,336888,6249699,3000003
2075,334801,6249699,3000003
2076,334816,6249697,3000003
2077,341114,6249745,1000001
2078,341102,6249733,1000001
2079,334907,6249709,3000003
2080,334934,6249703,3000003
2081,335026,6249727,3000003
2082,335011,6249710,3000003
2083,335115,6249750,3000003
2084,335085,6249752,3000003
2085,335096,6249751,3000003
2086,335112,6249752,3000003
2087,337023,6249719,3000003
2088,337002,6249716,3000003
2089,335006,6249718,3000003
2090,335026,6249739,3000003
2091,340646,6249699,1000001
2092,340668,6249695,1000001
2093,335311,6249695,3000003
2094,335294,6249706,3000003
2095,335628,6249726,3000003
2096,335612,6249701,3000003
2097,336135,6249797,3000003
2098,336127,6249785,3000003
2099,334426,6249792,3000003
2100,334445,6249770,3000003
2101,334519,6249784,3000003
2102,334501,6249773,3000003
2103,333996,6249711,3000003
2104,334025,6249703,3000003
2105,334439,6249779,3000003
2106,334426,6249797,3000003
2107,337051,6249580,3000003
2108,337082,6249582,3000003
2109,334680,6249775,3000003
2110,334678,6249801,3000003
2111,336994,6249842,3000003
2112,336976,6249829,3000003
2113,335248,6249856,3000003
2114,335242,6249827,3000003
2115,335097,6249785,3000003
2116,335127,6249782,3000003
2117,335119,6249863,3000003
2118,335119,6249863,3000003
2119,335121,6249830,3000003
2120,335091,6249833,3000003
2121,335114,6249864,3000003
2122,335114,6249863,3000003
2123,335090,6249832,3000003
2124,335119,6249832,3000003
2125,334527,6249801,3000003
2126,334554,6249805,3000003
2127,341047,6249823,1000001
2128,341062,6249826,1000001
2129,335104,6249785,3000003
2130,335088,6249784,3000003
2131,335100,6249866,3000003
2132,335100,6249865,3000003
2133,334524,6249865,3000003
2134,334524,6249866,3000003
2135,334842,6249815,3000003
2136,334820,6249820,3000003
2137,334889,6249837,3000003
2138,334888,6249836,3000003
2139,334370,6249807,3000003
2140,334392,6249804,3000003
2141,334451,6249866,3000003
2142,334456,6249893,3000003
2143,340969,6249884,1000001
2144,340967,6249871,1000001
2145,334997,6249886,3000003
2146,335006,6249860,3000003
2147,334880,6249838,3000003
2148,334900,6249860,3000003
2149,334351,6249875,3000003
2150,334356,6249904,3000003
2151,336787,6249812,3000003
2152,336762,6249801,3000003
2153,336840,6249892,3000003
2154,336833,6249876,3000003
2155,336887,6249875,3000003
2156,336891,6249891,3000003
2157,334166,6249734,3000003
2158,334190,6249713,3000003
2159,337213,6249909,3000003
2160,337215,6249879,3000003
2161,337802,6249327,2000002
2162,337826,6249357,2000002
2163,340834,6249896,1000001
2164,340840,6249909,1000001
2165,337210,6249886,3000003
2166,337209,6249917,3000003
2167,334054,6249891,3000003
2168,334038,6249893,3000003
2169,338879,6249596,1000001
2170,338865,6249595,1000001
2171,331370,6249392,3000003
2172,331357,6249423,3000003
2173,340771,6249952,1000001
2174,340768,6249946,1000001
2175,340687,6249899,1000001
2176,340686,6249899,1000001
2177,340724,6249976,1000001
2178,340724,6249976,1000001
2179,340702,6250001,1000001
2180,340700,6250001,1000001
2181,340705,6250030,1000001
2182,340705,6250031,1000001
2183,340911,6249966,1000001
2184,340892,6249969,1000001
2185,334605,6249943,3000003
2186,334582,6249962,3000003
2187,334747,6249982,3000003
2188,334739,6249969,3000003
2189,334400,6249986,3000003
2190,334384,6249988,3000003
2191,334646,6250055,3000003
2192,334645,6250058,3000003
2193,334740,6249970,3000003
2194,334758,6249994,3000003
2195,334436,6250055,3000003
2196,334435,6250057,3000003
2197,334558,6250072,3000003
2198,334555,6250043,3000003
2199,340912,6250053,1000001
2200,340915,6250053,1000001
2201,334326,6249991,3000003
2202,334343,6249982,3000003
2203,340811,6250043,1000001
2204,340822,6250027,1000001
2205,340060,6249857,1000001
2206,340028,6249870,1000001
2207,337531,6250042,3000003
2208,337546,6250017,3000003
2209,337955,6249845,2000002
2210,337974,6249867,2000002
2211,336114,6249962,3000003
2212,336095,6249969,3000003
2213,337541,6250023,3000003
2214,337525,6250049,3000003
2215,336202,6250100,3000003
2216,336201,6250069,3000003
2217,336173,6249961,3000003
2218,336190,6249948,3000003
2219,336550,6250090,3000003
2220,336540,6250062,3000003
2221,334059,6250029,3000003
2222,334087,6250018,3000003
2223,336631,6250034,3000003
2224,336646,6250060,3000003
2225,336075,6250105,3000003
2226,336071,6250083,3000003
2227,324728,6245531,3000003
2228,324758,6245537,3000003
2229,336261,6250114,3000003
2230,336268,6250110,3000003
2231,336367,6250114,3000003
2232,336372,6250134,3000003
2233,335888,6250116,3000003
2234,335885,6250099,3000003
2235,335889,6250127,3000003
2236,335887,6250112,3000003
2237,335784,6250145,3000003
2238,335784,6250145,3000003
2239,335931,6250122,3000003
2240,335932,6250152,3000003
2241,336125,6250136,3000003
2242,336125,6250165,3000003
2243,336176,6250115,3000003
2244,336161,6250119,3000003
2245,336222,6250135,3000003
2246,336226,6250157,3000003
2247,335784,6250155,3000003
2248,335783,6250155,3000003
2249,335930,6250130,3000003
2250,335932,6250160,3000003
2251,335784,6250172,3000003
2252,335783,6250172,3000003
2253,335926,6250143,3000003
2254,335932,6250172,3000003
2255,334958,6250189,3000003
2256,334955,6250175,3000003
2257,335674,6250171,3000003
2258,335661,6250143,3000003
2259,335110,6250035,3000003
2260,335086,6250036,3000003
2261,334390,6250131,3000003
2262,334420,6250129,3000003
2263,335560,6250209,3000003
2264,335560,6250209,3000003
2265,335662,6250155,3000003
2266,335674,6250182,3000003
2267,335562,6250217,3000003
2268,335562,6250217,3000003
2269,335663,6250162,3000003
2270,335672,6250187,3000003
2271,340922,6250145,1000001
2272,340930,6250144,1000001
2273,334097,6250172,3000003
2274,334121,6250164,3000003
2275,340117,6250146,1000001
2276,340095,6250166,1000001
2277,340027,6249970,1000001
2278,340058,6249956,1000001
2279,335117,6250220,3000003
2280,335108,6250222,3000003
2281,335095,6250052,3000003
2282,335121,6250050,3000003
2283,334871,6250208,3000003
2284,334863,6250197,3000003
2285,334878,6250220,3000003
2286,334885,6250232,3000003
2287,335798,6250223,3000003
2288,335775,6250225,3000003
2289,335913,6250158,3000003
2290,335924,6250185,3000003
2291,335507,6250231,3000003
2292,335523,6250256,3000003
2293,335507,6250232,3000003
2294,335520,6250259,3000003
2295,339050,6249895,1000001
2296,339026,6249854,1000001
2297,335426,6250264,3000003
2298,335433,6250290,3000003
2299,335425,6250265,3000003
2300,335435,6250293,3000003
2301,335462,6250255,3000003
2302,335450,6250232,3000003
2303,335468,6250267,3000003
2304,335454,6250241,3000003
2305,340181,6250269,1000001
2306,340200,6250257,1000001
2307,334416,6250251,3000003
2308,334413,6250251,3000003
2309,335654,6250308,3000003
2310,335661,6250277,3000003
2311,335275,6250313,3000003
2312,335272,6250297,3000003
2313,335114,6250279,3000003
2314,335130,6250279,3000003
2315,335142,6250276,3000003
2316,335113,6250278,3000003
2317,335292,6250304,3000003
2318,335293,6250306,3000003
2319,334148,6250276,3000003
2320,334133,6250279,3000003
2321,334284,6250310,3000003
2322,334286,6250319,3000003
2323,335118,6250265,3000003
2324,335103,6250264,3000003
2325,335116,6250324,3000003
2326,335116,6250324,3000003
2327,335122,6250096,3000003
2328,335150,6250094,3000003
2329,335134,6250096,3000003
2330,335112,6250097,3000003
2331,335169,6250326,3000003
2332,335169,6250327,3000003
2333,335142,6250330,3000003
2334,335142,6250331,3000003
2335,335129,6250333,3000003
2336,335129,6250333,3000003
2337,335121,6250334,3000003
2338,335121,6250334,3000003
2339,335115,6250335,3000003
2340,335115,6250335,3000003
2341,335002,6250258,3000003
2342,335022,6250254,3000003
2343,335067,6250345,3000003
2344,335064,6250321,3000003
2345,335071,6250354,3000003
2346,335066,6250324,3000003
2347,334027,6250329,3000003
2348,334029,6250338,3000003
2349,334026,6250324,3000003
2350,334030,6250352,3000003
2351,333880,6250182,3000003
2352,333866,6250157,3000003
2353,333838,6250345,3000003
2354,333842,6250368,3000003
2355,333835,6250352,3000003
2356,333840,6250381,3000003
2357,334858,6250303,3000003
2358,334832,6250309,3000003
2359,334941,6250360,3000003
2360,334936,6250331,3000003
2361,334943,6250369,3000003
2362,334940,6250353,3000003
2363,334677,6250214,3000003
2364,334648,6250219,3000003
2365,334839,6250378,3000003
2366,334839,6250376,3000003
2367,335182,6250361,3000003
2368,335157,6250344,3000003
2369,334966,6250344,3000003
2370,334971,6250373,3000003
2371,334554,6250311,3000003
2372,334548,6250342,3000003
2373,334676,6250389,3000003
2374,334676,6250389,3000003
2375,334682,6250390,3000003
2376,334682,6250391,3000003
2377,334657,6250227,3000003
2378,334686,6250222,3000003
2379,334787,6250389,3000003
2380,334786,6250385,3000003
2381,334788,6250383,3000003
2382,334790,6250398,3000003
2383,334783,6250400,3000003
2384,334774,6250372,3000003
2385,334743,6250394,3000003
2386,334743,6250394,3000003
2387,334712,6250379,3000003
2388,334710,6250409,3000003
2389,334719,6250403,3000003
2390,334718,6250397,3000003
2391,334683,6250407,3000003
2392,334683,6250406,3000003
2393,334755,6250389,3000003
2394,334763,6250415,3000003
2395,340964,6250321,1000001
2396,340948,6250324,1000001
2397,334415,6250375,3000003
2398,334431,6250373,3000003
2399,334546,6250436,3000003
2400,334544,6250420,3000003
2401,334432,6250447,3000003
2402,334432,6250447,3000003
2403,334556,6250431,3000003
2404,334556,6250428,3000003
2405,334354,6250363,3000003
2406,334367,6250367,3000003
2407,334399,6250450,3000003
2408,334399,6250449,3000003
2409,334432,6250451,3000003
2410,334433,6250451,3000003
2411,334555,6250425,3000003
2412,334558,6250441,3000003
2413,334366,6250455,3000003
2414,334366,6250455,3000003
2415,334399,6250454,3000003
2416,334399,6250451,3000003
2417,334366,6250459,3000003
2418,334366,6250459,3000003
2419,334398,6250443,3000003
2420,334401,6250473,3000003
2421,334292,6250469,3000003
2422,334291,6250467,3000003
2423,334289,6250455,3000003
2424,334292,6250475,3000003
2425,334143,6250408,3000003
2426,334173,6250403,3000003
2427,334268,6250479,3000003
2428,334261,6250450,3000003
2429,334190,6250480,3000003
2430,334190,6250485,3000003
2431,334191,6250483,3000003
2432,334190,6250478,3000003
2433,334164,6250484,3000003
2434,334164,6250484,3000003
2435,334434,6250475,3000003
2436,334435,6250475,3000003
2437,338451,6250215,2000002
2438,338421,6250204,2000002
2439,333933,6250505,3000003
2440,333947,6250477,3000003
2441,335118,6250436,3000003
2442,335147,6250426,3000003
2443,335158,6250449,3000003
2444,335130,6250454,3000003
2445,338190,6250531,2000002
2446,338190,6250531,2000002
2447,340255,6250426,1000001
2448,340279,6250408,1000001
2449,340272,6250411,1000001
2450,340246,6250426,1000001
2451,338108,6250553,2000002
2452,338106,6250530,2000002
2453,338303,6250553,2000002
2454,338302,6250532,2000002
2455,337847,6250325,2000002
2456,337864,6250301,2000002
2457,338007,6250570,2000002
2458,338003,6250541,2000002
2459,338009,6250552,2000002
2460,338011,6250563,2000002
2461,337860,6250307,2000002
2462,337845,6250334,2000002
2463,340760,6250320,1000001
2464,340730,6250321,1000001
2465,340550,6250542,1000001
2466,340549,6250518,1000001
2467,340349,6250583,1000001
2468,340337,6250592,1000001
2469,340343,6250589,1000001
2470,340359,6250580,1000001
2471,334444,6250568,3000003
2472,334440,6250569,3000003
2473,340980,6250555,1000001
2474,340966,6250558,1000001
2475,341053,6250629,1000001
2476,341056,6250644,1000001
2477,340855,6250668,1000001
2478,340862,6250646,1000001
2479,335162,6250640,3000003
2480,335189,6250624,3000003
2481,335161,6250562,3000003
2482,335187,6250557,3000003
2483,334468,6250688,3000003
2484,334438,6250690,3000003
2485,326831,6250219,3000003
2486,326837,6250161,3000003
2487,336853,6250353,3000003
2488,336882,6250346,3000003
2489,334460,6250775,3000003
2490,334458,6250775,3000003
2491,334713,6250658,3000003
2492,334685,6250642,3000003
2493,334519,6250812,3000003
2494,334513,6250842,3000003
2495,341014,6250742,1000001
2496,340987,6250746,1000001
2497,340168,6250693,1000001
2498,340190,6250711,1000001
2499,339005,6250633,1000001
2500,339003,6250603,1000001
2501,338208,6250703,2000002
2502,338219,6250666,2000002
2503,338735,6250681,2000002
2504,338728,6250716,2000002
2505,339773,6250798,1000001
2506,339773,6250805,1000001
2507,339991,6250491,1000001
2508,339961,6250487,1000001
2509,334459,6250847,3000003
2510,334474,6250846,3000003
2511,334473,6250920,3000003
2512,334472,6250921,3000003
2513,339933,6250934,1000001
2514,339946,6250916,1000001
2515,339940,6250925,1000001
2516,339930,6250936,1000001
2517,335176,6250651,3000003
2518,335146,6250655,3000003
2519,335201,6250749,3000003
2520,335171,6250749,3000003
2521,335212,6250858,3000003
2522,335242,6250858,3000003
2523,337094,6250870,3000003
2524,337120,6250857,3000003
2525,336829,6250576,3000003
2526,336810,6250611,3000003
2527,334476,6250971,3000003
2528,334478,6250971,3000003
2529,337181,6250967,3000003
2530,337183,6250995,3000003
2531,334374,6250742,3000003
2532,334403,6250738,3000003
2533,334484,6251032,3000003
2534,334480,6251032,3000003
2535,334493,6251067,3000003
2536,334485,6251068,3000003
2537,341035,6250974,1000001
2538,341057,6250969,1000001
2539,340982,6251122,1000001
2540,340982,6251115,1000001
2541,335118,6251096,3000003
2542,335142,6251114,3000003
2543,334505,6251132,3000003
2544,334475,6251134,3000003
2545,334639,6251031,3000003
2546,334616,6251034,3000003
2547,340885,6251179,1000001
2548,340914,6251175,1000001
2549,340980,6251151,1000001
2550,340997,6251175,1000001
2551,334575,6251227,3000003
2552,334570,6251199,3000003
2553,334407,6251128,3000003
2554,334436,6251125,3000003
2555,334469,6251242,3000003
2556,334463,6251220,3000003
2557,334878,6251209,3000003
2558,334894,6251229,3000003
2559,334885,6251220,3000003
2560,334896,6251243,3000003
2561,335015,6251164,3000003
2562,334982,6251142,3000003
2563,334660,6251250,3000003
2564,334644,6251251,3000003
2565,334628,6251072,3000003
2566,334657,6251064,3000003
2567,334673,6251300,3000003
2568,334690,6251313,3000003
2569,334533,6251294,3000003
2570,334547,6251286,3000003
2571,334624,6251341,3000003
2572,334607,6251317,3000003
2573,340935,6251309,1000001
2574,340940,6251310,1000001
2575,334330,6251303,3000003
2576,334354,6251309,3000003
2577,340635,6250996,1000001
2578,340608,6251010,1000001
2579,334138,6250972,3000003
2580,334168,6250970,3000003
2581,334251,6251441,3000003
2582,334255,6251470,3000003
2583,334012,6250941,3000003
2584,333984,6250926,3000003
2585,340741,6251451,1000001
2586,340742,6251450,1000001
2587,334382,6251486,3000003
2588,334382,6251486,3000003
2589,334180,6251488,3000003
2590,334195,6251487,3000003
2591,334260,6251524,3000003
2592,334255,6251496,3000003
2593,334307,6251488,3000003
2594,334336,6251485,3000003
2595,334586,6251462,3000003
2596,334575,6251466,3000003
2597,334258,6251505,3000003
2598,334261,6251533,3000003
2599,334415,6251534,3000003
2600,334416,6251519,3000003
2601,334670,6251439,3000003
2602,334692,6251435,3000003
2603,334486,6251553,3000003
2604,334490,6251523,3000003
2605,334139,6251530,3000003
2606,334143,6251547,3000003
2607,334425,6251526,3000003
2608,334422,6251550,3000003
2609,334557,6251547,3000003
2610,334557,6251546,3000003
2611,334560,6251540,3000003
2612,334556,6251569,3000003
2613,334638,6251565,3000003
2614,334640,6251548,3000003
2615,334687,6251428,3000003
2616,334657,6251433,3000003
2617,334706,6251562,3000003
2618,334710,6251554,3000003
2619,334726,6251423,3000003
2620,334696,6251420,3000003
2621,334739,6251566,3000003
2622,334739,6251566,3000003
2623,334711,6251419,3000003
2624,334740,6251423,3000003
2625,334644,6251560,3000003
2626,334642,6251565,3000003
2627,340131,6251246,1000001
2628,340159,6251239,1000001
2629,340453,6251497,1000001
2630,340460,6251526,1000001
2631,340142,6251248,1000001
2632,340113,6251256,1000001
2633,334739,6251577,3000003
2634,334738,6251577,3000003
2635,340991,6251524,1000001
2636,340976,6251526,1000001
2637,334183,6251598,3000003
2638,334204,6251596,3000003
2639,334124,6251615,3000003
2640,334103,6251621,3000003
2641,334173,6251667,3000003
2642,334181,6251695,3000003
2643,334516,6251622,3000003
2644,334537,6251620,3000003
2645,334608,6251627,3000003
2646,334596,6251628,3000003
2647,340936,6251659,1000001
2648,340946,6251687,1000001
2649,340797,6251712,1000001
2650,340796,6251706,1000001
2651,340749,6251594,1000001
2652,340779,6251592,1000001
2653,340758,6251719,1000001
2654,340758,6251718,1000001
2655,340771,6251593,1000001
2656,340741,6251597,1000001
2657,334754,6251652,3000003
2658,334783,6251646,3000003
2659,334770,6251648,3000003
2660,334800,6251644,3000003
2661,334777,6251663,3000003
2662,334747,6251666,3000003
2663,334765,6251734,3000003
2664,334765,6251734,3000003
2665,334588,6251734,3000003
2666,334570,6251712,3000003
2667,334525,6251725,3000003
2668,334553,6251718,3000003
2669,334762,6251680,3000003
2670,334733,6251674,3000003
2671,334765,6251710,3000003
2672,334740,6251694,3000003
2673,334632,6251758,3000003
2674,334632,6251756,3000003
2675,334226,6251737,3000003
2676,334252,6251723,3000003
2677,334435,6251789,3000003
2678,334432,6251759,3000003
2679,334168,6251742,3000003
2680,334154,6251748,3000003
2681,334227,6251807,3000003
2682,334224,6251777,3000003
2683,334270,6251794,3000003
2684,334270,6251794,3000003
2685,334518,6251771,3000003
2686,334524,6251786,3000003
2687,334230,6251799,3000003
2688,334231,6251807,3000003
2689,333986,6251654,3000003
2690,334021,6251662,3000003
2691,334117,6251816,3000003
2692,334109,6251787,3000003
2693,333980,6251654,3000003
2694,333949,6251660,3000003
2695,334042,6251846,3000003
2696,334023,6251823,3000003
2697,340734,6251852,1000001
2698,340707,6251857,1000001
2699,340713,6251856,1000001
2700,340743,6251847,1000001
2701,334051,6251882,3000003
2702,334081,6251897,3000003
2703,334225,6251960,3000003
2704,334199,6251949,3000003
2705,334048,6251946,3000003
2706,334076,6251935,3000003
2707,340169,6251857,1000001
2708,340135,6251870,1000001
2709,340144,6251867,1000001
2710,340177,6251858,1000001
2711,334063,6251950,3000003
2712,334035,6251961,3000003
2713,334054,6251958,3000003
2714,334027,6251969,3000003
2715,334103,6252056,3000003
2716,334096,6252058,3000003
2717,334039,6252081,3000003
2718,334031,6252055,3000003
2719,333940,6252094,3000003
2720,333936,6252065,3000003
2721,340828,6252043,1000001
2722,340847,6252021,1000001
2723,333856,6251776,3000003
2724,333826,6251775,3000003
2725,334173,6252175,3000003
2726,334176,6252174,3000003
2727,334303,6252057,3000003
2728,334335,6252062,3000003
2729,334156,6252184,3000003
2730,334176,6252174,3000003
2731,334232,6252303,3000003
2732,334233,6252303,3000003
2733,340965,6252215,1000001
2734,340984,6252191,1000001
2735,334171,6252180,3000003
2736,334144,6252193,3000003
2737,334223,6252309,3000003
2738,334223,6252309,3000003
2739,340984,6252204,1000001
2740,340961,6252224,1000001
2741,334093,6252205,3000003
2742,334073,6252226,3000003
2743,341093,6252344,1000001
2744,341103,6252332,1000001
2745,341100,6252338,1000001
2746,341089,6252348,1000001
2747,340718,6252104,1000001
2748,340707,6252132,1000001
2749,341186,6252427,1000001
2750,341162,6252446,1000001
2751,341167,6252441,1000001
2752,341189,6252427,1000001
2753,341255,6252596,1000001
2754,341247,6252600,1000001
2755,341318,6252778,1000001
2756,341308,6252778,1000001
2757,341388,6252954,1000001
2758,341402,6252948,1000001
2759,341463,6253096,1000001
2760,341461,6253095,1000001
2761,339975,6252733,1000001
2762,339937,6252768,1000001
2763,334441,6252735,3000003
2764,334470,6252724,3000003
2765,334717,6252454,3000003
2766,334687,6252451,3000003
2767,334432,6252749,3000003
2768,334459,6252738,3000003
2769,334647,6253176,3000003
2770,334647,6253176,3000003
2771,334651,6253187,3000003
2772,334651,6253187,3000003
2773,334697,6252468,3000003
2774,334727,6252469,3000003
2775,341488,6253189,1000001
2776,341514,6253181,1000001
2777,341494,6253340,1000001
2778,341492,6253339,1000001
2779,341434,6253467,1000001
2780,341434,6253467,1000001
2781,341331,6253476,1000001
2782,341343,6253509,1000001
2783,334527,6252915,3000003
2784,334496,6252918,3000003
2785,341214,6253551,1000001
2786,341212,6253548,1000001
2787,334556,6253593,3000003
2788,334537,6253588,3000003
2789,334619,6253412,3000003
2790,334592,6253406,3000003
2791,341136,6253655,1000001
2792,341162,6253670,1000001
2793,340800,6253155,1000001
2794,340799,6253161,1000001
2795,341110,6253726,1000001
2796,341107,6253720,1000001
2797,341178,6253748,1000001
2798,341174,6253727,1000001
2799,341112,6253726,1000001
2800,341111,6253734,1000001
2801,341248,6253769,1000001
2802,341218,6253772,1000001
2803,341247,6253824,1000001
2804,341238,6253826,1000001
2805,334554,6253563,3000003
2806,334584,6253567,3000003
2807,334556,6253565,3000003
2808,334587,6253566,3000003
2809,334503,6253792,3000003
2810,334475,6253784,3000003
2811,334443,6253949,3000003
2812,334443,6253949,3000003
2813,334451,6253917,3000003
2814,334467,6253922,3000003
2815,334499,6253796,3000003
2816,334477,6253789,3000003
2817,334426,6253942,3000003
2818,334427,6253957,3000003
2819,334451,6253951,3000003
2820,334451,6253951,3000003
2821,334446,6253917,3000003
2822,334475,6253924,3000003
2823,334561,6253591,3000003
2824,334591,6253594,3000003
2825,334474,6253829,3000003
2826,334448,6253814,3000003
2827,334405,6254082,3000003
2828,334375,6254080,3000003
2829,334435,6254089,3000003
2830,334405,6254081,3000003
2831,334412,6254085,3000003
2832,334442,6254093,3000003
2833,334110,6254086,3000003
2834,334088,6254069,3000003
2835,334188,6254153,3000003
2836,334171,6254140,3000003
2837,334227,6254077,3000003
2838,334246,6254101,3000003
2839,334051,6254313,3000003
2840,334035,6254299,3000003
2841,334057,6254318,3000003
2842,334053,6254313,3000003
2843,334007,6254436,3000003
2844,333988,6254431,3000003
2845,334012,6254386,3000003
2846,334040,6254399,3000003
2847,333973,6254548,3000003
2848,333959,6254543,3000003
2849,333936,6254644,3000003
2850,333925,6254640,3000003
2851,333948,6254596,3000003
2852,333962,6254601,3000003
2853,333889,6254844,3000003
2854,333860,6254835,3000003
2855,333871,6254838,3000003
2856,333899,6254846,3000003
2857,333765,6255093,3000003
2858,333741,6255082,3000003
2859,333755,6255087,3000003
2860,333776,6255097,3000003
2861,333630,6255274,3000003
2862,333618,6255266,3000003
2863,333626,6255272,3000003
2864,333646,6255283,3000003
2865,333540,6255433,3000003
2866,333521,6255422,3000003
2867,333540,6255432,3000003
2868,333540,6255432,3000003
2869,333423,6255588,3000003
2870,333403,6255574,3000003
2871,333425,6255581,3000003
2872,333437,6255590,3000003
2873,332522,6255806,3000003
2874,332517,6255783,3000003
2875,332519,6255791,3000003
2876,332522,6255822,3000003
2877,332786,6255916,3000003
2878,332790,6255907,3000003
2879,332789,6255917,3000003
2880,332784,6255930,3000003
2881,333164,6255930,3000003
2882,333150,6255900,3000003
2883,333154,6255914,3000003
2884,333167,6255942,3000003
2885,332253,6255947,3000003
2886,332228,6255930,3000003
2887,332237,6255938,3000003
2888,332262,6255954,3000003
2889,332044,6256251,3000003
2890,332025,6256239,3000003
2891,332035,6256245,3000003
2892,332050,6256258,3000003
2893,332054,6256548,3000003
2894,332039,6256573,3000003
2895,331690,6256600,3000003
2896,331665,6256575,3000003
2897,331460,6256690,3000003
2898,331455,6256693,3000003
2899,331671,6256582,3000003
2900,331696,6256607,3000003
2901,331447,6256703,3000003
2902,331438,6256695,3000003
2903,331386,6256851,3000003
2904,331363,6256837,3000003
2905,332170,6256837,3000003
2906,332142,6256826,3000003
2907,331364,6256885,3000003
2908,331375,6256895,3000003
2909,331243,6257024,3000003
2910,331221,6257010,3000003
2911,331204,6257046,3000003
2912,331209,6257050,3000003
2913,332341,6257012,3000003
2914,332331,6257041,3000003
2915,331219,6257065,3000003
2916,331223,6257068,3000003
2917,333903,6256160,3000003
2918,333878,6256143,3000003
2919,334261,6255918,3000003
2920,334277,6255945,3000003
2921,331130,6257224,3000003
2922,331161,6257219,3000003
2923,331620,6257121,3000003
2924,331602,6257095,3000003
2925,331145,6257146,3000003
2926,331114,6257148,3000003
2927,331248,6257348,3000003
2928,331247,6257348,3000003
2929,331887,6257070,3000003
2930,331905,6257096,3000003
2931,331474,6258029,3000003
2932,331443,6258039,3000003
2933,331360,6258779,3000003
2934,331359,6258784,3000003
2935,331454,6258049,3000003
2936,331484,6258039,3000003
2937,331417,6258814,3000003
2938,331422,6258800,3000003
2939,331352,6258821,3000003
2940,331338,6258818,3000003
2941,331354,6258821,3000003
2942,331354,6258822,3000003
2943,331447,6258894,3000003
2944,331442,6258914,3000003
