link_id,tz_2006
94,557
95,557
96,557
98,557
99,557
100,558
101,556
102,557
103,557
104,557
105,557
106,557
107,557
108,557
109,557
110,557
111,557
112,557
114,558
115,557
116,557
117,557
118,557
119,557
120,557
122,557
123,557
124,557
125,554
126,554
127,554
128,557
129,557
130,554
131,557
132,557
133,554
134,557
135,557
136,554
137,557
138,554
139,557
140,557
141,554
142,554
144,553
145,554
146,554
147,556
148,554
149,554
150,554
151,554
152,553
153,553
154,554
155,556
156,556
157,555
158,555
159,554
160,554
161,556
162,555
163,554
164,554
165,555
166,555
167,555
168,556
169,555
170,553
171,555
172,556
173,556
174,555
175,553
176,556
177,555
178,555
179,555
180,555
181,555
182,555
183,555
184,553
185,553
186,553
187,553
188,555
189,555
190,555
191,555
192,555
193,555
194,555
195,555
196,555
197,555
198,555
199,554
200,555
201,554
202,554
203,555
204,555
205,555
206,553
207,555
208,554
209,554
210,554
211,554
212,554
213,555
214,555
215,555
216,555
217,555
218,556
219,553
220,555
221,555
222,554
223,554
224,554
225,554
226,553
227,554
228,554
229,554
230,555
231,553
232,555
233,555
234,555
235,553
236,553
237,555
238,555
239,555
240,555
241,555
242,554
243,554
244,555
245,555
246,555
247,555
248,554
249,554
250,554
251,554
252,554
253,555
254,554
255,554
256,554
257,554
258,554
259,555
260,555
261,555
262,555
263,555
264,554
265,555
266,554
267,554
268,555
269,555
270,553
271,556
272,555
273,554
274,553
275,553
276,555
277,554
278,554
279,554
280,554
281,555
282,555
283,554
284,554
285,553
286,554
287,555
288,555
289,554
290,554
291,554
292,554
293,549
294,555
295,555
296,555
297,549
298,553
299,555
300,554
301,549
302,553
303,549
304,549
305,549
306,554
307,554
308,555
309,555
310,554
311,554
312,555
313,549
314,549
315,555
316,554
317,554
318,554
319,549
320,549
321,554
322,554
323,553
324,549
325,555
326,555
327,554
328,554
329,549
330,549
331,554
332,552
333,552
334,554
335,549
336,555
337,556
338,554
339,554
340,552
341,555
342,549
343,549
344,554
345,554
346,426
347,555
348,555
349,549
350,549
351,549
352,552
353,555
354,552
355,554
356,554
357,552
358,552
359,552
360,552
361,554
362,552
363,554
364,554
365,554
366,554
367,554
368,554
369,426
370,552
371,552
372,552
373,549
374,549
375,549
376,552
377,552
378,549
379,549
380,554
381,549
382,549
383,426
384,426
385,549
386,549
387,556
388,554
389,549
390,552
391,552
392,549
393,549
394,549
395,549
396,549
397,549
398,549
399,554
400,552
401,552
402,549
403,549
404,551
405,549
406,549
407,549
408,549
409,554
410,554
411,554
412,552
413,552
414,552
415,554
416,552
417,554
418,551
419,551
420,552
421,424
422,426
423,426
424,424
425,424
426,552
427,552
428,549
429,552
430,424
431,424
432,424
433,554
434,554
435,551
436,552
437,552
438,551
439,551
440,551
441,549
442,549
443,549
444,551
445,551
446,551
447,552
448,552
449,554
450,551
451,552
452,552
453,549
454,551
455,551
456,552
457,552
458,424
459,424
460,554
461,551
462,424
463,551
464,424
465,424
466,423
467,551
468,551
469,550
470,551
471,551
472,551
473,550
474,550
475,551
476,551
477,552
478,552
479,551
480,551
481,550
482,551
483,550
484,550
485,423
486,424
487,424
488,552
489,550
490,551
491,549
492,549
493,551
494,551
495,551
496,551
497,552
498,552
499,552
500,550
501,550
502,550
503,552
504,552
505,551
506,551
507,551
508,549
509,549
510,423
511,551
512,423
513,549
514,550
515,423
516,550
517,550
518,550
519,550
520,550
521,551
522,551
523,551
524,551
525,550
526,550
527,551
528,424
529,423
530,550
531,550
532,551
533,550
534,549
535,551
536,549
537,549
538,550
539,550
540,551
541,551
542,552
543,551
544,551
545,551
546,551
547,551
548,551
549,551
550,552
551,551
552,551
553,424
554,549
555,424
556,549
557,551
558,424
559,550
560,550
561,423
562,551
563,550
564,551
565,551
566,551
567,551
568,551
569,551
570,551
571,551
572,424
573,551
574,551
575,551
576,551
577,551
578,424
579,424
580,424
581,424
582,421
583,550
584,551
585,551
586,551
587,550
588,550
589,423
590,551
591,550
592,550
593,551
594,550
595,424
596,424
597,550
598,550
599,550
600,551
601,551
602,551
603,551
604,423
605,423
606,550
607,550
608,550
609,551
610,551
611,550
612,550
613,423
614,550
615,550
616,551
617,551
618,547
619,547
620,547
621,548
622,548
623,551
624,548
625,551
626,547
627,548
628,548
629,548
630,547
631,422
632,423
633,548
634,422
635,423
636,548
637,548
638,422
639,548
640,548
641,550
642,550
643,422
644,422
645,550
646,548
647,551
648,550
649,548
650,548
651,548
652,422
653,550
654,547
655,547
656,548
657,422
658,550
659,423
660,547
661,547
662,422
663,550
664,422
665,550
666,547
667,424
668,547
669,423
670,423
671,548
672,548
673,548
674,548
675,548
676,548
677,550
678,550
679,547
680,423
681,423
682,548
683,548
684,548
685,423
686,423
687,547
688,547
689,422
690,423
691,423
692,422
693,550
694,547
695,547
696,547
697,547
698,423
699,423
700,548
701,548
702,423
703,423
704,548
705,423
706,548
707,548
708,548
709,423
710,423
711,423
712,423
713,548
714,548
715,548
716,548
717,423
718,548
719,422
720,423
721,423
722,548
723,548
724,423
725,548
726,548
727,548
728,423
729,547
730,547
731,548
732,547
733,547
734,423
735,423
736,423
737,423
738,547
739,548
740,548
741,423
742,424
743,423
744,544
745,548
746,547
747,548
748,423
749,547
750,548
751,422
752,547
753,547
754,423
755,423
756,422
757,422
758,544
759,548
760,547
761,548
762,548
763,544
764,422
765,421
766,422
767,423
768,423
769,544
770,548
771,547
772,547
773,423
774,423
775,422
776,420
777,548
778,548
779,548
780,544
781,544
782,548
783,422
784,422
785,547
786,547
787,544
788,547
789,547
790,422
791,548
792,548
793,547
794,547
795,545
796,547
797,422
798,544
799,547
800,547
801,547
802,423
803,545
804,545
805,547
806,545
807,545
808,544
809,547
810,422
811,547
812,547
813,547
814,545
815,422
816,423
817,423
818,547
819,547
820,423
821,547
822,422
823,544
824,548
825,547
826,548
827,544
828,544
829,544
830,422
831,544
832,544
833,547
834,420
835,420
836,420
837,547
838,544
839,423
840,422
841,423
842,546
843,423
844,423
845,545
846,545
847,547
848,547
849,546
850,546
851,423
852,423
853,423
854,546
855,420
856,544
857,422
858,544
859,544
860,545
861,547
862,544
863,422
864,545
865,420
866,545
867,545
868,423
869,420
870,420
871,420
872,544
873,544
874,545
875,545
876,544
877,544
878,423
879,423
880,544
881,544
882,422
883,422
884,422
885,544
886,544
887,546
888,423
889,423
890,423
891,422
892,545
893,546
894,545
895,545
896,422
897,422
898,423
899,423
900,422
901,545
902,545
903,422
904,422
905,423
906,423
907,420
908,423
909,545
910,422
911,422
912,422
913,420
914,420
915,420
916,423
917,422
918,422
919,423
920,423
921,545
922,545
923,546
924,423
925,423
926,545
927,545
928,545
929,546
930,545
931,544
932,545
933,546
934,423
935,545
936,545
937,544
938,544
939,420
940,423
941,422
942,422
943,424
944,545
945,422
946,545
947,545
948,546
949,420
950,420
951,420
952,423
953,424
954,423
955,545
956,422
957,546
958,544
959,423
960,417
961,423
962,545
963,545
964,544
965,546
966,546
967,423
968,417
969,420
970,423
971,423
972,417
973,422
974,544
975,544
976,423
977,423
978,417
979,422
980,545
981,545
982,546
983,545
984,545
985,422
986,423
987,417
988,544
989,544
990,422
991,545
992,545
993,423
994,423
995,421
996,422
997,417
998,545
999,545
1000,546
1001,546
1002,423
1003,545
1004,545
1005,417
1006,545
1007,545
1008,420
1009,546
1010,546
1011,422
1012,422
1013,545
1014,420
1015,423
1016,416
1017,422
1018,422
1019,544
1020,544
1021,546
1022,546
1023,545
1024,422
1025,416
1026,416
1027,416
1028,420
1029,416
1030,421
1031,422
1032,422
1033,420
1034,416
1035,420
1036,423
1037,417
1038,422
1039,545
1040,546
1041,544
1042,422
1043,422
1044,416
1045,416
1046,545
1047,542
1048,545
1049,545
1050,545
1051,544
1052,540
1053,544
1054,420
1055,420
1056,542
1057,417
1058,546
1059,540
1060,544
1061,540
1062,417
1063,416
1064,416
1065,417
1066,417
1067,546
1068,544
1069,545
1070,542
1071,417
1072,417
1073,421
1074,581
1075,422
1076,422
1077,417
1078,417
1079,544
1080,544
1081,546
1082,544
1083,581
1084,581
1085,581
1086,581
1087,422
1088,422
1089,581
1090,422
1091,422
1092,422
1093,422
1094,581
1095,581
1096,581
1097,540
1098,545
1099,545
1100,420
1101,420
1102,541
1103,544
1104,546
1105,546
1106,420
1107,416
1108,540
1109,540
1110,541
1111,544
1112,425
1113,420
1114,420
1115,542
1116,542
1117,546
1118,542
1119,420
1120,421
1121,541
1122,544
1123,421
1124,422
1125,546
1126,416
1127,416
1128,540
1129,540
1130,540
1131,540
1132,420
1133,542
1134,542
1135,419
1136,419
1137,422
1138,422
1139,546
1140,416
1141,422
1142,422
1143,541
1144,544
1145,544
1146,542
1147,541
1148,542
1149,542
1150,422
1151,422
1152,419
1153,542
1154,544
1155,419
1156,422
1157,422
1158,416
1159,540
1160,540
1161,546
1162,416
1163,419
1164,419
1165,581
1166,542
1167,540
1168,540
1169,541
1170,541
1171,418
1172,416
1173,416
1174,420
1175,421
1176,419
1177,546
1178,418
1179,421
1180,542
1181,545
1182,542
1183,420
1184,420
1185,415
1186,546
1187,546
1188,419
1189,419
1190,542
1191,542
1192,416
1193,416
1194,540
1195,418
1196,418
1197,420
1198,420
1199,546
1200,541
1201,415
1202,415
1203,425
1204,542
1205,546
1206,425
1207,420
1208,540
1209,425
1210,420
1211,416
1212,425
1213,420
1214,425
1215,415
1216,546
1217,546
1218,546
1219,416
1220,417
1221,546
1222,540
1223,416
1224,416
1225,581
1226,581
1227,417
1228,417
1229,421
1230,421
1231,416
1232,416
1233,542
1234,417
1235,417
1236,417
1237,418
1238,542
1239,540
1240,540
1241,420
1242,420
1243,541
1244,542
1245,417
1246,417
1247,540
1248,540
1249,546
1250,542
1251,542
1252,541
1253,541
1254,418
1255,419
1256,542
1257,542
1258,581
1259,546
1260,546
1261,546
1262,416
1263,420
1264,541
1265,541
1266,546
1267,540
1268,540
1269,546
1270,415
1271,541
1272,540
1273,546
1274,543
1275,546
1276,546
1277,542
1278,540
1279,540
1280,540
1281,540
1282,418
1283,418
1284,416
1285,416
1286,541
1287,543
1288,542
1289,546
1290,542
1291,542
1292,416
1293,416
1294,542
1295,542
1296,542
1297,543
1298,542
1299,419
1300,419
1301,419
1302,416
1303,416
1304,420
1305,416
1306,416
1307,542
1308,581
1309,542
1310,542
1311,415
1312,541
1313,540
1314,540
1315,541
1316,542
1317,546
1318,543
1319,541
1320,541
1321,419
1322,541
1323,542
1324,419
1325,416
1326,416
1327,417
1328,540
1329,540
1330,540
1331,416
1332,416
1333,541
1334,541
1335,416
1336,415
1337,546
1338,543
1339,414
1340,419
1341,541
1342,541
1343,419
1344,540
1345,542
1346,581
1347,581
1348,541
1349,541
1350,540
1351,540
1352,417
1353,416
1354,542
1355,542
1356,540
1357,416
1358,541
1359,541
1360,541
1361,542
1362,418
1363,418
1364,419
1365,540
1366,542
1367,542
1368,541
1369,543
1370,543
1371,418
1372,541
1373,543
1374,418
1375,418
1376,416
1377,416
1378,421
1379,418
1380,418
1381,418
1382,416
1383,416
1384,546
1385,543
1386,417
1387,417
1388,418
1389,418
1390,415
1391,542
1392,542
1393,418
1394,418
1395,421
1396,418
1397,418
1398,540
1399,540
1400,541
1401,541
1402,542
1403,418
1404,541
1405,540
1406,540
1407,418
1408,546
1409,543
1410,543
1411,543
1412,416
1413,418
1414,417
1415,541
1416,541
1417,541
1418,541
1419,540
1420,541
1421,418
1422,418
1423,418
1424,414
1425,418
1426,418
1427,418
1428,418
1429,416
1430,542
1431,541
1432,541
1433,416
1434,416
1435,416
1436,416
1437,543
1438,542
1439,418
1440,414
1441,546
1442,543
1443,541
1444,543
1445,418
1446,416
1447,542
1448,538
1449,541
1450,541
1451,542
1452,542
1453,418
1454,418
1455,418
1456,543
1457,543
1458,416
1459,416
1460,541
1461,541
1462,542
1463,542
1464,415
1465,541
1466,538
1467,537
1468,539
1469,539
1470,543
1471,543
1472,543
1473,540
1474,540
1475,416
1476,418
1477,418
1478,541
1479,543
1480,537
1481,416
1482,416
1483,539
1484,542
1485,546
1486,415
1487,415
1488,415
1489,543
1490,537
1491,537
1492,540
1493,540
1494,538
1495,539
1496,417
1497,417
1498,540
1499,540
1500,540
1501,415
1502,415
1503,418
1504,543
1505,543
1506,419
1507,540
1508,418
1509,419
1510,419
1511,537
1512,537
1513,416
1514,537
1515,537
1516,543
1517,418
1518,418
1519,540
1520,540
1521,537
1522,538
1523,539
1524,418
1525,537
1526,537
1527,418
1528,418
1529,540
1530,540
1531,416
1532,537
1533,537
1534,418
1535,537
1536,537
1537,543
1538,543
1539,537
1540,418
1541,418
1542,539
1543,539
1544,418
1545,543
1546,543
1547,537
1548,537
1549,538
1550,539
1551,416
1552,540
1553,537
1554,415
1555,542
1556,543
1557,418
1558,418
1559,539
1560,542
1561,415
1562,418
1563,418
1564,539
1565,539
1566,418
1567,539
1568,539
1569,537
1570,537
1571,540
1572,540
1573,540
1574,537
1575,538
1576,538
1577,539
1578,415
1579,415
1580,539
1581,539
1582,539
1583,416
1584,540
1585,540
1586,543
1587,543
1588,415
1589,415
1590,418
1591,418
1592,537
1593,537
1594,418
1595,418
1596,419
1597,543
1598,537
1599,418
1600,418
1601,418
1602,418
1603,537
1604,538
1605,418
1606,418
1607,419
1608,540
1609,543
1610,543
1611,537
1612,538
1613,539
1614,537
1615,537
1616,540
1617,540
1618,413
1619,413
1620,418
1621,415
1622,415
1623,540
1624,537
1625,539
1626,419
1627,419
1628,540
1629,539
1630,539
1631,543
1632,418
1633,537
1634,537
1635,543
1636,416
1637,537
1638,537
1639,538
1640,538
1641,539
1642,539
1643,539
1644,418
1645,418
1646,543
1647,543
1648,414
1649,539
1650,540
1651,540
1652,418
1653,418
1654,539
1655,537
1656,537
1657,414
1658,414
1659,416
1660,414
1661,414
1662,539
1663,539
1664,418
1665,418
1666,543
1667,543
1668,414
1669,537
1670,538
1671,543
1672,543
1673,538
1674,539
1675,414
1676,543
1677,414
1678,537
1679,537
1680,543
1681,414
1682,540
1683,539
1684,418
1685,539
1686,414
1687,543
1688,543
1689,418
1690,418
1691,539
1692,415
1693,537
1694,537
1695,537
1696,539
1697,539
1698,539
1699,538
1700,538
1701,540
1702,540
1703,543
1704,543
1705,543
1706,414
1707,415
1708,416
1709,418
1710,537
1711,415
1712,418
1713,415
1714,415
1715,418
1716,418
1717,420
1718,416
1719,415
1720,415
1721,537
1722,538
1723,543
1724,538
1725,415
1726,415
1727,415
1728,415
1729,537
1730,537
1731,537
1732,414
1733,540
1734,415
1735,415
1736,537
1737,537
1738,415
1739,415
1740,414
1741,414
1742,415
1743,420
1744,539
1745,539
1746,543
1747,415
1748,537
1749,415
1750,543
1751,411
1752,412
1753,539
1754,414
1755,414
1756,537
1757,538
1758,539
1759,411
1760,412
1761,543
1762,415
1763,411
1764,414
1765,414
1766,538
1767,538
1768,537
1769,540
1770,540
1771,537
1772,537
1773,418
1774,418
1775,537
1776,539
1777,537
1778,539
1779,418
1780,414
1781,414
1782,539
1783,537
1784,538
1785,537
1786,537
1787,414
1788,540
1789,537
1790,411
1791,411
1792,537
1793,537
1794,412
1795,418
1796,412
1797,539
1798,539
1799,538
1800,412
1801,543
1802,538
1803,538
1804,538
1805,540
1806,540
1807,538
1808,538
1809,414
1810,537
1811,539
1812,539
1813,539
1814,537
1815,536
1816,539
1817,536
1818,539
1819,537
1820,538
1821,537
1822,537
1823,539
1824,537
1825,414
1826,540
1827,412
1828,536
1829,536
1830,538
1831,537
1832,412
1833,537
1834,537
1835,537
1836,412
1837,412
1838,536
1839,538
1840,537
1841,537
1842,412
1843,412
1844,540
1845,538
1846,418
1847,537
1848,536
1849,536
1850,414
1851,413
1852,414
1853,537
1854,537
1855,537
1856,540
1857,540
1858,539
1859,536
1860,409
1861,540
1862,537
1863,536
1864,409
1865,409
1866,414
1867,538
1868,412
1869,414
1870,537
1871,532
1872,538
1873,414
1874,540
1875,411
1876,537
1877,532
1878,532
1879,532
1880,412
1881,411
1882,414
1883,414
1884,538
1885,538
1886,532
1887,532
1888,412
1889,411
1890,536
1891,543
1892,414
1893,414
1894,409
1895,412
1896,412
1897,412
1898,412
1899,540
1900,532
1901,412
1902,412
1903,412
1904,409
1905,412
1906,412
1907,412
1908,412
1909,412
1910,412
1911,540
1912,532
1913,538
1914,538
1915,414
1916,536
1917,532
1918,414
1919,532
1920,540
1921,532
1922,536
1923,412
1924,412
1925,534
1926,412
1927,536
1928,536
1929,536
1930,536
1931,535
1932,536
1933,534
1934,414
1935,414
1936,414
1937,538
1938,536
1939,536
1940,536
1941,536
1942,534
1943,534
1944,534
1945,532
1946,411
1947,411
1948,536
1949,534
1950,534
1951,532
1952,532
1953,536
1954,535
1955,538
1956,412
1957,414
1958,414
1959,412
1960,412
1961,414
1962,532
1963,532
1964,536
1965,536
1966,412
1967,534
1968,534
1969,533
1970,412
1971,412
1972,412
1973,534
1974,412
1975,533
1976,533
1977,538
1978,533
1979,412
1980,412
1981,412
1982,532
1983,414
1984,412
1985,538
1986,533
1987,411
1988,411
1989,536
1990,536
1991,536
1992,411
1993,535
1994,412
1995,412
1996,414
1997,414
1998,534
1999,534
2000,533
2001,411
2002,411
2003,411
2004,533
2005,411
2006,536
2007,536
2008,411
2009,412
2010,412
2011,412
2012,538
2013,533
2014,414
2015,414
2016,411
2017,411
2018,411
2019,412
2020,532
2021,532
2022,412
2023,533
2024,534
2025,412
2026,414
2027,414
2028,412
2029,534
2030,535
2031,412
2032,412
2033,532
2034,411
2035,411
2036,535
2037,535
2038,532
2039,532
2040,411
2041,412
2042,412
2043,411
2044,411
2045,411
2046,411
2047,411
2048,536
2049,536
2050,414
2051,412
2052,412
2053,411
2054,411
2055,411
2056,411
2057,534
2058,534
2059,414
2060,532
2061,534
2062,536
2063,411
2064,411
2065,414
2066,414
2067,536
2068,414
2069,414
2070,532
2071,532
2072,536
2073,411
2074,411
2075,412
2076,411
2077,536
2078,412
2079,409
2080,409
2081,536
2082,409
2083,409
2084,412
2085,533
2086,534
2087,536
2088,536
2089,411
2090,411
2091,532
2092,532
2093,406
2094,412
2095,412
2096,535
2097,406
2098,406
2099,406
2100,406
2101,412
2102,533
2103,533
2104,534
2105,536
2106,532
2107,414
2108,414
2109,532
2110,411
2111,411
2112,411
2113,411
2114,411
2115,411
2116,535
2117,535
2118,535
2119,536
2120,536
2121,411
2122,535
2123,533
2124,533
2125,414
2126,414
2127,411
2128,411
2129,412
2130,414
2131,406
2132,406
2133,533
2134,533
2135,532
2136,533
2137,532
2138,412
2139,412
2140,411
2141,411
2142,412
2143,412
2144,412
2145,533
2146,533
2147,411
2148,533
2149,409
2150,412
2151,412
2152,536
2153,536
2154,536
2155,536
2156,412
2157,411
2158,412
2159,412
2160,536
2161,532
2162,532
2163,533
2164,411
2165,536
2166,530
2167,533
2168,532
2169,412
2170,412
2171,408
2172,414
2173,410
2174,532
2175,535
2176,412
2177,412
2178,412
2179,410
2180,412
2181,412
2182,412
2183,412
2184,412
2185,532
2186,530
2187,412
2188,406
2189,412
2190,412
2191,412
2192,530
2193,411
2194,411
2195,408
2196,412
2197,536
2198,412
2199,412
2200,411
2201,411
2202,533
2203,536
2204,412
2205,412
2206,411
2207,411
2208,536
2209,536
2210,412
2211,412
2212,414
2213,410
2214,535
2215,535
2216,536
2217,535
2218,411
2219,411
2220,412
2221,411
2222,411
2223,411
2224,411
2225,411
2226,412
2227,412
2228,411
2229,411
2230,411
2231,412
2232,412
2233,412
2234,412
2235,406
2236,411
2237,411
2238,411
2239,408
2240,414
2241,410
2242,535
2243,532
2244,411
2245,411
2246,411
2247,411
2248,411
2249,532
2250,532
2251,532
2252,532
2253,536
2254,536
2255,410
2256,406
2257,406
2258,406
2259,536
2260,535
2261,409
2262,409
2263,532
2264,532
2265,535
2266,535
2267,536
2268,532
2269,532
2270,409
2271,409
2272,536
2273,536
2274,411
2275,404
2276,406
2277,408
2278,411
2279,535
2280,535
2281,408
2282,409
2283,535
2284,404
2285,404
2286,408
2287,411
2288,411
2289,536
2290,536
2291,408
2292,408
2293,410
2294,410
2295,535
2296,535
2297,411
2298,408
2299,408
2300,536
2301,412
2302,530
2303,406
2304,408
2305,530
2306,530
2307,411
2308,411
2309,536
2310,536
2311,536
2312,408
2313,408
2314,532
2315,532
2316,536
2317,408
2318,411
2319,404
2320,536
2321,536
2322,536
2323,408
2324,408
2325,536
2326,536
2327,406
2328,536
2329,407
2330,536
2331,536
2332,534
2333,536
2334,407
2335,407
2336,412
2337,407
2338,412
2339,532
2340,404
2341,406
2342,532
2343,532
2344,536
2345,536
2346,409
2347,404
2348,412
2349,412
2350,532
2351,408
2352,412
2353,412
2354,412
2355,407
2356,412
2357,406
2358,412
2359,412
2360,532
2361,532
2362,406
2363,536
2364,407
2365,408
2366,409
2367,408
2368,412
2369,412
2370,412
2371,407
2372,536
2373,536
2374,536
2375,535
2376,535
2377,532
2378,530
2379,534
2380,412
2381,412
2382,410
2383,408
2384,408
2385,536
2386,536
2387,408
2388,411
2389,404
2390,536
2391,535
2392,412
2393,412
2394,408
2395,408
2396,404
2397,535
2398,412
2399,412
2400,412
2401,412
2402,412
2403,407
2404,532
2405,532
2406,406
2407,407
2408,408
2409,412
2410,412
2411,535
2412,535
2413,532
2414,404
2415,404
2416,412
2417,407
2418,407
2419,409
2420,536
2421,535
2422,409
2423,408
2424,407
2425,412
2426,407
2427,411
2428,411
2429,411
2430,409
2431,409
2432,404
2433,409
2434,407
2435,406
2436,406
2437,412
2438,407
2439,408
2440,407
2441,407
2442,409
2443,409
2444,410
2445,408
2446,408
2447,404
2448,404
2449,532
2450,408
2451,412
2452,407
2453,408
2454,409
2455,535
2456,408
2457,408
2458,404
2459,406
2460,535
2461,535
2462,412
2463,407
2464,406
2465,530
2466,404
2467,530
2468,530
2469,406
2470,406
2471,412
2472,407
2473,406
2474,406
2475,407
2476,408
2477,532
2478,532
2479,406
2480,407
2481,536
2482,530
2483,530
2484,408
2485,535
2486,535
2487,408
2488,532
2489,532
2490,406
2491,406
2492,536
2493,532
2494,407
2495,407
2496,409
2497,408
2498,407
2499,535
2500,535
2501,408
2502,408
2503,408
2504,535
2505,408
2506,407
2507,532
2508,408
2509,408
2510,409
2511,408
2512,530
2513,530
2514,530
2515,407
2516,408
2517,407
2518,407
2519,532
2520,536
2521,407
2522,408
2523,410
2524,410
2525,407
2526,407
2527,407
2528,535
2529,535
2530,408
2531,408
2532,532
2533,410
2534,532
2535,408
2536,407
2537,535
2538,535
2539,532
2540,532
2541,404
2542,406
2543,536
2544,535
2545,530
2546,407
2547,407
2548,408
2549,408
2550,536
2551,404
2552,530
2553,407
2554,407
2555,536
2556,536
2557,408
2558,408
2559,409
2560,409
2561,409
2562,393
2563,530
2564,530
2565,535
2566,532
2567,532
2568,532
2569,408
2570,408
2571,409
2572,535
2573,536
2574,409
2575,532
2576,530
2577,409
2578,410
2579,404
2580,407
2581,530
2582,532
2583,530
2584,530
2585,536
2586,408
2587,408
2588,410
2589,408
2590,409
2591,407
2592,408
2593,410
2594,532
2595,407
2596,410
2597,410
2598,410
2599,410
2600,410
2601,535
2602,530
2603,536
2604,407
2605,410
2606,410
2607,536
2608,536
2609,530
2610,530
2611,536
2612,535
2613,406
2614,407
2615,535
2616,535
2617,536
2618,535
2619,532
2620,532
2621,536
2622,406
2623,409
2624,408
2625,536
2626,535
2627,410
2628,536
2629,536
2630,532
2631,409
2632,410
2633,409
2634,410
2635,410
2636,532
2637,532
2638,409
2639,410
2640,410
2641,530
2642,411
2643,530
2644,530
2645,410
2646,408
2647,408
2648,535
2649,530
2650,530
2651,408
2652,409
2653,532
2654,532
2655,408
2656,408
2657,531
2658,536
2659,536
2660,535
2661,530
2662,530
2663,534
2664,406
2665,406
2666,535
2667,531
2668,408
2669,406
2670,411
2671,407
2672,408
2673,410
2674,410
2675,404
2676,408
2677,532
2678,530
2679,411
2680,411
2681,407
2682,410
2683,410
2684,535
2685,531
2686,536
2687,536
2688,410
2689,408
2690,408
2691,410
2692,410
2693,411
2694,411
2695,407
2696,410
2697,532
2698,410
2699,410
2700,530
2701,532
2702,532
2703,408
2704,407
2705,393
2706,406
2707,534
2708,411
2709,411
2710,408
2711,408
2712,411
2713,534
2714,530
2715,411
2716,411
2717,411
2718,530
2719,530
2720,407
2721,405
2722,408
2723,531
2724,536
2725,536
2726,406
2727,411
2728,408
2729,407
2730,530
2731,404
2732,404
2733,407
2734,405
2735,393
2736,531
2737,531
2738,411
2739,411
2740,405
2741,406
2742,410
2743,410
2744,534
2745,534
2746,409
2747,407
2748,405
2749,410
2750,411
2751,411
2752,536
2753,408
2754,409
2755,530
2756,530
2757,411
2758,411
2759,530
2760,405
2761,531
2762,405
2763,408
2764,531
2765,531
2766,531
2767,407
2768,407
2769,530
2770,533
2771,405
2772,530
2773,530
2774,410
2775,407
2776,407
2777,530
2778,530
2779,406
2780,532
2781,530
2782,531
2783,531
2784,531
2785,531
2786,410
2787,410
2788,530
2789,530
2790,530
2791,407
2792,405
2793,533
2794,534
2795,405
2796,411
2797,410
2798,530
2799,530
2800,407
2801,405
2802,530
2803,536
2804,531
2805,531
2806,410
2807,393
2808,407
2809,531
2810,530
2811,530
2812,407
2813,407
2814,405
2815,404
2816,405
2817,410
2818,410
2819,531
2820,531
2821,530
2822,530
2823,531
2824,405
2825,405
2826,531
2827,530
2828,404
2829,530
2830,530
2831,405
2832,534
2833,528
2834,410
2835,410
2836,531
2837,531
2838,408
2839,530
2840,530
2841,405
2842,405
2843,531
2844,530
2845,530
2846,530
2847,533
2848,530
2849,530
2850,530
2851,410
2852,410
2853,533
2854,410
2855,530
2856,531
2857,531
2858,530
2859,406
2860,405
2861,406
2862,405
2863,533
2864,528
2865,405
2866,528
2867,410
2868,410
2869,531
2870,408
2871,528
2872,530
2873,530
2874,406
2875,410
2876,410
2877,528
2878,528
2879,410
2880,410
2881,531
2882,408
2883,406
2884,406
2885,531
2886,531
2887,409
2888,405
2889,406
2890,530
2891,530
2892,531
2893,408
2894,408
2895,410
2896,406
2897,406
2898,410
2899,410
2900,410
2901,410
2902,531
2903,531
2904,410
2905,410
2906,531
2907,531
2908,410
2909,531
2910,528
2911,531
2912,530
2913,528
2914,410
2915,410
2916,410
2917,410
2918,410
2919,532
2920,531
2921,530
2922,530
2923,528
2924,531
2925,410
2926,528
2927,408
2928,410
2929,410
2930,410
2931,410
2932,531
2933,531
2934,410
2935,409
2936,409
2937,410
2938,404
2939,406
2940,410
2941,531
2942,531
2943,410
2944,410
2945,410
2946,531
2947,405
2948,530
2949,528
2950,404
2951,410
2952,532
2953,530
2954,410
2955,409
2956,410
2957,410
2958,405
2959,530
2960,527
2961,410
2962,404
2963,531
2964,531
2965,528
2966,528
2967,409
2968,409
2969,530
2970,410
2971,410
2972,410
2973,531
2974,531
2975,405
2976,528
2977,528
2978,408
2979,409
2980,410
2981,410
2982,409
2983,528
2984,410
2985,410
2986,406
2987,410
2988,404
2989,409
2990,531
2991,409
2992,409
2993,405
2994,405
2995,531
2996,409
2997,404
2998,404
2999,408
3000,409
3001,409
3002,408
3003,409
3004,530
3005,527
3006,528
3007,531
3008,525
3009,409
3010,528
3011,525
3012,531
3013,408
3014,525
3015,530
3016,526
3017,408
3018,528
3019,409
3020,406
3021,408
3022,405
3023,408
3024,408
3025,528
3026,528
3027,528
3028,525
3029,404
3030,528
3031,409
3032,409
3033,528
3034,528
3035,408
3036,408
3037,408
3038,526
3039,408
3040,408
3041,409
3042,409
3043,528
3044,527
3045,528
3046,410
3047,532
3048,532
3049,525
3050,525
3051,525
3052,525
3053,525
3054,531
3055,528
3056,409
3057,409
3058,405
3059,408
3060,528
3061,528
3062,404
3063,404
3064,294
3065,294
3066,410
3067,525
3068,525
3069,532
3070,530
3071,526
3072,525
3073,525
3074,525
3075,525
3076,531
3077,531
3078,525
3079,525
3080,405
3081,526
3082,405
3083,528
3084,528
3085,525
3086,525
3087,404
3088,404
3089,525
3090,525
3091,525
3092,525
3093,525
3094,525
3095,525
3096,405
3097,405
3098,526
3099,406
3100,406
3101,531
3102,531
3103,530
3104,528
3105,528
3106,525
3107,528
3108,528
3109,531
3110,408
3111,526
3112,526
3113,404
3114,404
3115,526
3116,526
3117,525
3118,525
3119,525
3120,404
3121,526
3122,404
3123,525
3124,525
3125,408
3126,408
3127,528
3128,531
3129,531
3130,526
3131,525
3132,525
3133,525
3134,528
3135,526
3136,526
3137,531
3138,404
3139,405
3140,528
3141,405
3142,404
3143,406
3144,526
3145,526
3146,528
3147,531
3148,408
3149,294
3150,404
3151,405
3152,528
3153,528
3154,528
3155,531
3156,531
3157,294
3158,294
3159,404
3160,528
3161,527
3162,528
3163,405
3164,405
3165,531
3166,531
3167,408
3168,294
3169,531
3170,405
3171,526
3172,526
3173,406
3174,406
3175,528
3176,528
3177,294
3178,525
3179,531
3180,531
3181,405
3182,405
3183,531
3184,525
3185,525
3186,531
3187,531
3188,408
3189,405
3190,405
3191,525
3192,525
3193,528
3194,525
3195,525
3196,531
3197,531
3198,294
3199,528
3200,528
3201,528
3202,528
3203,528
3204,528
3205,404
3206,405
3207,405
3208,526
3209,528
3210,528
3211,528
3212,528
3213,528
3214,525
3215,525
3216,405
3217,528
3218,525
3219,525
3220,526
3221,526
3222,525
3223,528
3224,528
3225,405
3226,294
3227,525
3228,525
3229,294
3230,531
3231,404
3232,406
3233,531
3234,531
3235,525
3236,525
3237,528
3238,528
3239,404
3240,528
3241,405
3242,294
3243,528
3244,528
3245,528
3246,528
3247,525
3248,405
3249,405
3250,526
3251,526
3252,405
3253,528
3254,528
3255,406
3256,406
3257,405
3258,294
3259,525
3260,525
3261,528
3262,526
3263,525
3264,405
3265,405
3266,525
3267,525
3268,528
3269,528
3270,405
3271,405
3272,525
3273,528
3274,528
3275,404
3276,531
3277,405
3278,294
3279,526
3280,526
3281,404
3282,404
3283,294
3284,525
3285,525
3286,525
3287,525
3288,525
3289,525
3290,525
3291,526
3292,526
3293,528
3294,405
3295,293
3296,528
3297,528
3298,525
3299,525
3300,526
3301,526
3302,526
3303,528
3304,528
3305,528
3306,531
3307,531
3308,526
3309,526
3310,528
3311,528
3312,528
3313,528
3314,526
3315,405
3316,293
3317,528
3318,405
3319,405
3320,526
3321,526
3322,525
3323,525
3324,405
3325,527
3326,528
3327,405
3328,405
3329,531
3330,531
3331,526
3332,526
3333,526
3334,526
3335,404
3336,406
3337,528
3338,528
3339,405
3340,293
3341,531
3342,526
3343,526
3344,526
3345,531
3346,529
3347,405
3348,404
3349,294
3350,294
3351,404
3352,404
3353,531
3354,529
3355,528
3356,528
3357,293
3358,528
3359,526
3360,526
3361,528
3362,525
3363,525
3364,524
3365,293
3366,528
3367,405
3368,293
3369,404
3370,294
3371,294
3372,525
3373,525
3374,524
3375,525
3376,525
3377,525
3378,528
3379,528
3380,531
3381,527
3382,524
3383,404
3384,529
3385,529
3386,528
3387,528
3388,529
3389,524
3390,524
3391,524
3392,524
3393,528
3394,528
3395,524
3396,527
3397,527
3398,529
3399,529
3400,528
3401,528
3402,528
3403,524
3404,527
3405,405
3406,405
3407,291
3408,524
3409,524
3410,527
3411,528
3412,529
3413,531
3414,526
3415,527
3416,293
3417,294
3418,528
3419,528
3420,529
3421,529
3422,529
3423,529
3424,524
3425,524
3426,528
3427,529
3428,529
3429,526
3430,526
3431,528
3432,528
3433,529
3434,528
3435,528
3436,525
3437,529
3438,529
3439,526
3440,528
3441,525
3442,525
3443,529
3444,529
3445,529
3446,526
3447,526
3448,404
3449,404
3450,528
3451,528
3452,526
3453,528
3454,528
3455,291
3456,531
3457,529
3458,526
3459,526
3460,526
3461,526
3462,528
3463,294
3464,294
3465,528
3466,529
3467,293
3468,293
3469,526
3470,526
3471,528
3472,528
3473,525
3474,525
3475,525
3476,525
3477,525
3478,525
3479,404
3480,291
3481,525
3482,525
3483,526
3484,526
3485,525
3486,525
3487,526
3488,294
3489,525
3490,525
3491,525
3492,527
3493,528
3494,525
3495,525
3496,529
3497,526
3498,526
3499,527
3500,528
3501,528
3502,528
3503,526
3504,526
3505,294
3506,525
3507,525
3508,525
3509,525
3510,294
3511,294
3512,528
3513,528
3514,525
3515,525
3516,526
3517,526
3518,526
3519,526
3520,294
3521,294
3522,294
3523,526
3524,529
3525,526
3526,525
3527,525
3528,404
3529,525
3530,525
3531,294
3532,293
3533,528
3534,293
3535,294
3536,526
3537,526
3538,293
3539,529
3540,527
3541,527
3542,291
3543,404
3544,290
3545,294
3546,293
3547,529
3548,529
3549,293
3550,404
3551,527
3552,527
3553,526
3554,527
3555,527
3556,404
3557,404
3558,291
3559,290
3560,525
3561,293
3562,527
3563,527
3564,529
3565,526
3566,526
3567,528
3568,528
3569,526
3570,290
3571,290
3572,525
3573,291
3574,529
3575,404
3576,290
3577,290
3578,526
3579,529
3580,529
3581,527
3582,526
3583,526
3584,526
3585,293
3586,528
3587,529
3588,529
3589,528
3590,528
3591,528
3592,293
3593,293
3594,386
3595,289
3596,294
3597,294
3598,528
3599,528
3600,293
3601,528
3602,529
3603,525
3604,525
3605,526
3606,526
3607,525
3608,525
3609,291
3610,525
3611,526
3612,293
3613,293
3614,526
3615,526
3616,528
3617,529
3618,529
3619,294
3620,526
3621,526
3622,526
3623,526
3624,526
3625,528
3626,528
3627,529
3628,290
3629,294
3630,294
3631,529
3632,529
3633,526
3634,526
3635,294
3636,293
3637,293
3638,528
3639,528
3640,526
3641,520
3642,294
3643,294
3644,520
3645,526
3646,526
3647,520
3648,525
3649,294
3650,294
3651,528
3652,528
3653,529
3654,525
3655,527
3656,527
3657,291
3658,291
3659,291
3660,293
3661,529
3662,529
3663,529
3664,528
3665,527
3666,527
3667,528
3668,529
3669,525
3670,529
3671,529
3672,527
3673,528
3674,526
3675,526
3676,529
3677,525
3678,526
3679,527
3680,528
3681,525
3682,526
3683,520
3684,529
3685,525
3686,525
3687,291
3688,525
3689,529
3690,529
3691,525
3692,525
3693,525
3694,525
3695,291
3696,525
3697,525
3698,520
3699,529
3700,529
3701,525
3702,520
3703,528
3704,525
3705,520
3706,525
3707,526
3708,520
3709,525
3710,520
3711,525
3712,520
3713,525
3714,520
3715,526
3716,529
3717,529
3718,520
3719,528
3720,528
3721,528
3722,526
3723,526
3724,294
3725,524
3726,528
3727,524
3728,524
3729,529
3730,294
3731,294
3732,294
3733,528
3734,529
3735,294
3736,294
3737,294
3738,529
3739,294
3740,529
3741,520
3742,529
3743,529
3744,526
3745,526
3746,294
3747,294
3748,528
3749,294
3750,520
3751,528
3752,528
3753,529
3754,526
3755,526
3756,528
3757,528
3758,294
3759,294
3760,524
3761,529
3762,529
3763,520
3764,526
3765,526
3766,528
3767,528
3768,528
3769,522
3770,527
3771,527
3772,522
3773,524
3774,524
3775,527
3776,528
3777,526
3778,520
3779,522
3780,294
3781,294
3782,522
3783,524
3784,524
3785,529
3786,293
3787,526
3788,520
3789,529
3790,293
3791,294
3792,522
3793,522
3794,528
3795,293
3796,529
3797,523
3798,523
3799,523
3800,526
3801,520
3802,528
3803,522
3804,293
3805,293
3806,528
3807,523
3808,523
3809,520
3810,520
3811,523
3812,293
3813,293
3814,529
3815,294
3816,522
3817,523
3818,523
3819,522
3820,523
3821,521
3822,293
3823,524
3824,520
3825,523
3826,523
3827,523
3828,293
3829,293
3830,521
3831,293
3832,529
3833,527
3834,522
3835,529
3836,523
3837,293
3838,293
3839,520
3840,520
3841,520
3842,520
3843,520
3844,520
3845,520
3846,520
3847,520
3848,521
3849,528
3850,521
3851,522
3852,529
3853,523
3854,520
3855,520
3856,520
3857,520
3858,520
3859,522
3860,529
3861,523
3862,522
3863,529
3864,520
3865,524
3866,519
3867,525
3868,520
3869,529
3870,523
3871,293
3872,293
3873,522
3874,525
3875,525
3876,520
3877,291
3878,523
3879,523
3880,522
3881,522
3882,522
3883,522
3884,529
3885,523
3886,519
3887,519
3888,519
3889,291
3890,293
3891,294
3892,294
3893,520
3894,529
3895,523
3896,525
3897,519
3898,519
3899,519
3900,523
3901,523
3902,523
3903,523
3904,529
3905,523
3906,525
3907,519
3908,521
3909,522
3910,294
3911,523
3912,525
3913,523
3914,523
3915,523
3916,520
3917,519
3918,519
3919,523
3920,519
3921,522
3922,523
3923,523
3924,523
3925,523
3926,523
3927,519
3928,519
3929,521
3930,294
3931,294
3932,519
3933,519
3934,522
3935,289
3936,522
3937,527
3938,519
3939,523
3940,521
3941,527
3942,521
3943,521
3944,522
3945,291
3946,294
3947,294
3948,292
3949,520
3950,521
3951,521
3952,523
3953,519
3954,519
3955,521
3956,522
3957,522
3958,520
3959,291
3960,293
3961,521
3962,523
3963,523
3964,521
3965,523
3966,523
3967,293
3968,294
3969,523
3970,291
3971,291
3972,293
3973,521
3974,520
3975,523
3976,523
3977,293
3978,293
3979,521
3980,521
3981,386
3982,286
3983,527
3984,521
3985,521
3986,522
3987,523
3988,522
3989,523
3990,386
3991,527
3992,521
3993,520
3994,520
3995,520
3996,520
3997,520
3998,520
3999,520
4000,520
4001,293
4002,293
4003,521
4004,523
4005,523
4006,520
4007,520
4008,521
4009,386
4010,520
4011,520
4012,520
4013,521
4014,523
4015,386
4016,386
4017,294
4018,292
4019,521
4020,293
4021,386
4022,386
4023,523
4024,523
4025,386
4026,386
4027,386
4028,293
4029,293
4030,520
4031,520
4032,521
4033,521
4034,522
4035,293
4036,520
4037,520
4038,520
4039,520
4040,293
4041,293
4042,523
4043,523
4044,387
4045,519
4046,290
4047,290
4048,294
4049,292
4050,522
4051,522
4052,523
4053,514
4054,514
4055,523
4056,521
4057,520
4058,520
4059,290
4060,520
4061,520
4062,519
4063,519
4064,286
4065,523
4066,293
4067,293
4068,523
4069,521
4070,521
4071,291
4072,293
4073,289
4074,523
4075,523
4076,523
4077,520
4078,386
4079,522
4080,523
4081,519
4082,521
4083,520
4084,520
4085,523
4086,519
4087,519
4088,523
4089,523
4090,521
4091,522
4092,519
4093,519
4094,387
4095,518
4096,518
4097,521
4098,521
4099,520
4100,519
4101,519
4102,386
4103,523
4104,519
4105,523
4106,289
4107,286
4108,520
4109,523
4110,519
4111,519
4112,523
4113,523
4114,289
4115,519
4116,519
4117,523
4118,387
4119,517
4120,523
4121,521
4122,517
4123,521
4124,523
4125,517
4126,520
4127,514
4128,517
4129,517
4130,519
4131,521
4132,521
4133,514
4134,514
4135,517
4136,293
4137,521
4138,521
4139,522
4140,520
4141,514
4142,520
4143,514
4144,286
4145,523
4146,289
4147,289
4148,518
4149,291
4150,517
4151,517
4152,521
4153,521
4154,517
4155,293
4156,288
4157,522
4158,521
4159,521
4160,521
4161,520
4162,514
4163,517
4164,517
4165,520
4166,520
4167,522
4168,520
4169,519
4170,520
4171,519
4172,520
4173,519
4174,522
4175,292
4176,520
4177,514
4178,520
4179,519
4180,521
4181,520
4182,519
4183,522
4184,522
4185,287
4186,293
4187,519
4188,519
4189,522
4190,523
4191,517
4192,291
4193,287
4194,523
4195,288
4196,288
4197,288
4198,289
4199,286
4200,517
4201,517
4202,290
4203,290
4204,514
4205,521
4206,517
4207,518
4208,287
4209,288
4210,288
4211,288
4212,523
4213,294
4214,292
4215,517
4216,517
4217,288
4218,287
4219,289
4220,386
4221,386
4222,517
4223,288
4224,386
4225,386
4226,288
4227,292
4228,523
4229,517
4230,287
4231,288
4232,518
4233,518
4234,287
4235,518
4236,517
4237,521
4238,521
4239,523
4240,517
4241,522
4242,521
4243,521
4244,522
4245,517
4246,517
4247,289
4248,286
4249,521
4250,518
4251,521
4252,521
4253,521
4254,521
4255,286
4256,386
4257,386
4258,517
4259,517
4260,521
4261,521
4262,516
4263,517
4264,386
4265,287
4266,521
4267,518
4268,518
4269,287
4270,521
4271,518
4272,517
4273,518
4274,518
4275,521
4276,521
4277,519
4278,519
4279,287
4280,523
4281,518
4282,518
4283,387
4284,519
4285,519
4286,523
4287,519
4288,519
4289,516
4290,516
4291,519
4292,518
4293,518
4294,519
4295,519
4296,519
4297,287
4298,287
4299,386
4300,386
4301,517
4302,518
4303,521
4304,521
4305,521
4306,386
4307,521
4308,517
4309,517
4310,521
4311,521
4312,518
4313,518
4314,517
4315,519
4316,519
4317,518
4318,518
4319,519
4320,519
4321,522
4322,516
4323,517
4324,517
4325,519
4326,519
4327,519
4328,521
4329,522
4330,516
4331,521
4332,521
4333,521
4334,515
4335,515
4336,516
4337,518
4338,509
4339,509
4340,509
4341,518
4342,517
4343,517
4344,509
4345,509
4346,521
4347,515
4348,288
4349,521
4350,521
4351,386
4352,386
4353,287
4354,515
4355,386
4356,386
4357,517
4358,519
4359,509
4360,519
4361,509
4362,518
4363,521
4364,509
4365,509
4366,509
4367,521
4368,515
4369,287
4370,287
4371,517
4372,517
4373,521
4374,515
4375,288
4376,288
4377,515
4378,521
4379,509
4380,509
4381,518
4382,518
4383,287
4384,287
4385,286
4386,286
4387,386
4388,521
4389,521
4390,519
4391,515
4392,287
4393,287
4394,515
4395,288
4396,288
4397,521
4398,521
4399,287
4400,287
4401,519
4402,519
4403,521
4404,515
4405,521
4406,521
4407,515
4408,288
4409,288
4410,287
4411,287
4412,515
4413,515
4414,516
4415,292
4416,288
4417,288
4418,285
4419,292
4420,285
4421,287
4422,287
4423,515
4424,518
4425,515
4426,516
4427,288
4428,288
4429,521
4430,515
4431,521
4432,521
4433,518
4434,515
4435,287
4436,287
4437,518
4438,515
4439,287
4440,288
4441,518
4442,515
4443,515
4444,518
4445,515
4446,517
4447,285
4448,285
4449,518
4450,285
4451,515
4452,515
4453,285
4454,518
4455,518
4456,292
4457,285
4458,518
4459,518
4460,515
4461,515
4462,519
4463,517
4464,517
4465,518
4466,287
4467,290
4468,521
4469,521
4470,516
4471,521
4472,515
4473,518
4474,518
4475,518
4476,287
4477,287
4478,515
4479,515
4480,516
4481,516
4482,518
4483,518
4484,517
4485,518
4486,518
4487,509
4488,518
4489,509
4490,509
4491,509
4492,509
4493,509
4494,509
4495,517
4496,287
4497,287
4498,517
4499,517
4500,518
4501,509
4502,509
4503,386
4504,518
4505,515
4506,509
4507,513
4508,292
4509,285
4510,518
4511,515
4512,517
4513,517
4514,517
4515,517
4516,513
4517,513
4518,386
4519,519
4520,509
4521,518
4522,518
4523,518
4524,513
4525,518
4526,518
4527,517
4528,518
4529,516
4530,518
4531,516
4532,518
4533,518
4534,518
4535,508
4536,518
4537,285
4538,508
4539,508
4540,513
4541,518
4542,509
4543,515
4544,508
4545,290
4546,517
4547,513
4548,286
4549,286
4550,508
4551,513
4552,509
4553,518
4554,508
4555,513
4556,287
4557,509
4558,509
4559,509
4560,509
4561,509
4562,508
4563,513
4564,508
4565,509
4566,518
4567,517
4568,513
4569,509
4570,521
4571,285
4572,518
4573,518
4574,515
4575,515
4576,518
4577,518
4578,517
4579,513
4580,515
4581,518
4582,515
4583,513
4584,287
4585,287
4586,514
4587,521
4588,521
4589,521
4590,515
4591,515
4592,514
4593,514
4594,288
4595,285
4596,513
4597,521
4598,515
4599,513
4600,513
4601,288
4602,284
4603,287
4604,287
4605,513
4606,508
4607,518
4608,508
4609,508
4610,518
4611,513
4612,513
4613,285
4614,515
4615,515
4616,288
4617,284
4618,518
4619,518
4620,513
4621,287
4622,287
4623,509
4624,508
4625,283
4626,287
4627,508
4628,518
4629,518
4630,508
4631,513
4632,513
4633,515
4634,515
4635,516
4636,518
4637,518
4638,284
4639,508
4640,508
4641,288
4642,284
4643,508
4644,287
4645,287
4646,515
4647,515
4648,518
4649,518
4650,287
4651,284
4652,508
4653,508
4654,518
4655,518
4656,515
4657,515
4658,516
4659,517
4660,516
4661,516
4662,516
4663,518
4664,496
4665,518
4666,518
4667,515
4668,515
4669,287
4670,287
4671,284
4672,284
4673,518
4674,518
4675,286
4676,508
4677,518
4678,496
4679,509
4680,508
4681,508
4682,287
4683,287
4684,284
4685,513
4686,284
4687,284
4688,515
4689,515
4690,287
4691,518
4692,496
4693,508
4694,509
4695,509
4696,509
4697,509
4698,509
4699,509
4700,508
4701,284
4702,509
4703,509
4704,513
4705,513
4706,509
4707,509
4708,509
4709,509
4710,508
4711,287
4712,287
4713,508
4714,284
4715,284
4716,513
4717,513
4718,518
4719,496
4720,386
4721,286
4722,509
4723,509
4724,515
4725,513
4726,513
4727,513
4728,386
4729,386
4730,513
4731,516
4732,513
4733,508
4734,513
4735,513
4736,287
4737,287
4738,508
4739,509
4740,284
4741,284
4742,518
4743,496
4744,508
4745,513
4746,513
4747,284
4748,284
4749,516
4750,513
4751,513
4752,518
4753,496
4754,508
4755,508
4756,283
4757,508
4758,508
4759,516
4760,508
4761,508
4762,516
4763,513
4764,513
4765,284
4766,286
4767,286
4768,513
4769,513
4770,518
4771,496
4772,508
4773,508
4774,515
4775,285
4776,285
4777,518
4778,496
4779,513
4780,513
4781,518
4782,513
4783,513
4784,284
4785,284
4786,516
4787,286
4788,513
4789,513
4790,386
4791,286
4792,286
4793,513
4794,287
4795,515
4796,511
4797,514
4798,514
4799,514
4800,287
4801,287
4802,515
4803,516
4804,509
4805,287
4806,287
4807,286
4808,283
4809,508
4810,511
4811,513
4812,515
4813,511
4814,511
4815,284
4816,518
4817,509
4818,511
4819,515
4820,509
4821,508
4822,508
4823,509
4824,509
4825,509
4826,509
4827,515
4828,511
4829,287
4830,287
4831,518
4832,518
4833,511
4834,513
4835,513
4836,509
4837,509
4838,509
4839,509
4840,509
4841,287
4842,287
4843,508
4844,518
4845,518
4846,509
4847,496
4848,513
4849,513
4850,287
4851,287
4852,515
4853,511
4854,511
4855,513
4856,287
4857,287
4858,496
4859,287
4860,287
4861,508
4862,509
4863,518
4864,496
4865,516
4866,287
4867,287
4868,511
4869,513
4870,515
4871,511
4872,516
4873,512
4874,511
4875,513
4876,516
4877,510
4878,510
4879,508
4880,508
4881,510
4882,518
4883,496
4884,286
4885,511
4886,513
4887,508
4888,510
4889,510
4890,511
4891,511
4892,512
4893,516
4894,508
4895,508
4896,286
4897,510
4898,386
4899,282
4900,282
4901,283
4902,518
4903,496
4904,513
4905,513
4906,513
4907,516
4908,516
4909,510
4910,511
4911,282
4912,518
4913,496
4914,513
4915,516
4916,512
4917,513
4918,510
4919,282
4920,510
4921,510
4922,513
4923,496
4924,513
4925,509
4926,285
4927,514
4928,510
4929,511
4930,511
4931,496
4932,513
4933,512
4934,516
4935,516
4936,510
4937,511
4938,509
4939,509
4940,496
4941,496
4942,510
4943,510
4944,509
4945,286
4946,282
4947,282
4948,496
4949,496
4950,508
4951,516
4952,516
4953,509
4954,509
4955,512
4956,516
4957,512
4958,285
4959,496
4960,508
4961,513
4962,513
4963,508
4964,508
4965,510
4966,511
4967,512
4968,509
4969,509
4970,509
4971,509
4972,283
4973,509
4974,509
4975,496
4976,509
4977,509
4978,511
4979,282
4980,510
4981,496
4982,496
4983,508
4984,511
4985,511
4986,511
4987,511
4988,508
4989,286
4990,286
4991,281
4992,508
4993,513
4994,496
4995,508
4996,281
4997,281
4998,510
4999,511
5000,510
5001,510
5002,496
5003,496
5004,511
5005,511
5006,284
5007,281
5008,513
5009,282
5010,513
5011,281
5012,281
5013,281
5014,508
5015,285
5016,281
5017,496
5018,496
5019,513
5020,285
5021,513
5022,513
5023,513
5024,513
5025,284
5026,284
5027,511
5028,284
5029,510
5030,513
5031,513
5032,510
5033,511
5034,512
5035,282
5036,496
5037,513
5038,513
5039,512
5040,512
5041,280
5042,280
5043,280
5044,513
5045,513
5046,511
5047,513
5048,513
5049,513
5050,380
5051,280
5052,494
5053,285
5054,285
5055,283
5056,509
5057,508
5058,508
5059,510
5060,510
5061,513
5062,513
5063,285
5064,511
5065,496
5066,511
5067,282
5068,512
5069,512
5070,514
5071,285
5072,509
5073,511
5074,511
5075,509
5076,509
5077,509
5078,509
5079,511
5080,511
5081,280
5082,513
5083,494
5084,509
5085,509
5086,496
5087,284
5088,514
5089,510
5090,511
5091,285
5092,285
5093,494
5094,285
5095,285
5096,511
5097,511
5098,510
5099,510
5100,513
5101,494
5102,496
5103,496
5104,509
5105,509
5106,282
5107,509
5108,509
5109,509
5110,509
5111,509
5112,496
5113,496
5114,281
5115,282
5116,496
5117,513
5118,508
5119,508
5120,285
5121,285
5122,508
5123,509
5124,284
5125,285
5126,285
5127,513
5128,513
5129,508
5130,508
5131,510
5132,510
5133,512
5134,512
5135,510
5136,510
5137,496
5138,512
5139,512
5140,508
5141,508
5142,284
5143,496
5144,284
5145,510
5146,510
5147,512
5148,282
5149,283
5150,516
5151,512
5152,512
5153,516
5154,496
5155,496
5156,496
5157,496
5158,512
5159,514
5160,496
5161,512
5162,513
5163,280
5164,285
5165,494
5166,277
5167,510
5168,510
5169,496
5170,496
5171,287
5172,285
5173,285
5174,285
5175,285
5176,510
5177,494
5178,284
5179,284
5180,380
5181,280
5182,512
5183,512
5184,512
5185,285
5186,285
5187,285
5188,285
5189,496
5190,496
5191,496
5192,282
5193,282
5194,280
5195,282
5196,510
5197,510
5198,513
5199,513
5200,508
5201,496
5202,281
5203,280
5204,496
5205,496
5206,513
5207,494
5208,494
5209,494
5210,514
5211,284
5212,284
5213,284
5214,282
5215,510
5216,510
5217,510
5218,512
5219,512
5220,496
5221,282
5222,282
5223,514
5224,510
5225,496
5226,285
5227,280
5228,510
5229,280
5230,514
5231,507
5232,508
5233,496
5234,380
5235,280
5236,282
5237,494
5238,494
5239,508
5240,508
5241,511
5242,285
5243,284
5244,282
5245,508
5246,282
5247,284
5248,284
5249,512
5250,511
5251,277
5252,277
5253,508
5254,508
5255,508
5256,512
5257,512
5258,496
5259,280
5260,507
5261,508
5262,508
5263,507
5264,510
5265,284
5266,508
5267,508
5268,507
5269,507
5270,511
5271,284
5272,494
5273,284
5274,282
5275,282
5276,496
5277,512
5278,280
5279,510
5280,511
5281,508
5282,508
5283,496
5284,509
5285,285
5286,285
5287,512
5288,513
5289,508
5290,508
5291,496
5292,496
5293,514
5294,277
5295,277
5296,284
5297,284
5298,284
5299,280
5300,380
5301,280
5302,282
5303,496
5304,496
5305,282
5306,282
5307,496
5308,512
5309,512
5310,496
5311,496
5312,509
5313,509
5314,507
5315,507
5316,494
5317,496
5318,496
5319,496
5320,496
5321,282
5322,282
5323,280
5324,282
5325,509
5326,509
5327,280
5328,280
5329,509
5330,509
5331,509
5332,509
5333,284
5334,284
5335,509
5336,509
5337,511
5338,511
5339,511
5340,508
5341,508
5342,509
5343,494
5344,494
5345,512
5346,510
5347,494
5348,494
5349,494
5350,282
5351,282
5352,511
5353,496
5354,284
5355,284
5356,285
5357,284
5358,508
5359,508
5360,280
5361,494
5362,511
5363,511
5364,512
5365,510
5366,511
5367,285
5368,508
5369,508
5370,284
5371,284
5372,496
5373,511
5374,511
5375,281
5376,512
5377,512
5378,510
5379,281
5380,282
5381,511
5382,280
5383,285
5384,285
5385,494
5386,512
5387,512
5388,508
5389,496
5390,284
5391,284
5392,511
5393,511
5394,508
5395,508
5396,496
5397,285
5398,280
5399,508
5400,508
5401,511
5402,512
5403,281
5404,285
5405,509
5406,280
5407,280
5408,509
5409,509
5410,285
5411,514
5412,509
5413,281
5414,509
5415,509
5416,494
5417,509
5418,509
5419,510
5420,508
5421,284
5422,281
5423,496
5424,496
5425,496
5426,494
5427,494
5428,511
5429,511
5430,496
5431,496
5432,507
5433,507
5434,509
5435,509
5436,284
5437,284
5438,512
5439,496
5440,508
5441,282
5442,496
5443,285
5444,285
5445,278
5446,284
5447,507
5448,510
5449,512
5450,512
5451,494
5452,494
5453,496
5454,278
5455,509
5456,509
5457,507
5458,507
5459,496
5460,496
5461,280
5462,280
5463,284
5464,285
5465,494
5466,511
5467,507
5468,284
5469,284
5470,509
5471,510
5472,496
5473,509
5474,511
5475,511
5476,494
5477,494
5478,282
5479,510
5480,510
5481,509
5482,509
5483,507
5484,507
5485,507
5486,494
5487,509
5488,509
5489,280
5490,280
5491,511
5492,511
5493,285
5494,285
5495,281
5496,509
5497,509
5498,494
5499,494
5500,281
5501,281
5502,496
5503,496
5504,494
5505,511
5506,511
5507,494
5508,509
5509,509
5510,509
5511,280
5512,509
5513,509
5514,494
5515,496
5516,509
5517,509
5518,509
5519,509
5520,514
5521,509
5522,509
5523,494
5524,496
5525,509
5526,509
5527,509
5528,509
5529,509
5530,509
5531,282
5532,282
5533,509
5534,509
5535,285
5536,285
5537,507
5538,496
5539,496
5540,281
5541,281
5542,512
5543,494
5544,278
5545,284
5546,284
5547,284
5548,512
5549,510
5550,510
5551,509
5552,509
5553,509
5554,509
5555,509
5556,512
5557,494
5558,507
5559,510
5560,512
5561,512
5562,277
5563,277
5564,509
5565,507
5566,511
5567,512
5568,496
5569,280
5570,511
5571,496
5572,496
5573,511
5574,284
5575,285
5576,282
5577,282
5578,285
5579,511
5580,511
5581,280
5582,280
5583,511
5584,511
5585,494
5586,509
5587,509
5588,280
5589,509
5590,509
5591,511
5592,496
5593,510
5594,511
5595,494
5596,494
5597,510
5598,511
5599,495
5600,510
5601,510
5602,512
5603,494
5604,494
5605,508
5606,285
5607,508
5608,496
5609,285
5610,508
5611,280
5612,280
5613,511
5614,511
5615,285
5616,279
5617,509
5618,509
5619,285
5620,279
5621,511
5622,511
5623,282
5624,282
5625,494
5626,511
5627,511
5628,510
5629,510
5630,494
5631,512
5632,512
5633,511
5634,511
5635,280
5636,280
5637,280
5638,494
5639,284
5640,280
5641,280
5642,512
5643,512
5644,494
5645,494
5646,285
5647,279
5648,511
5649,511
5650,511
5651,511
5652,496
5653,496
5654,282
5655,282
5656,282
5657,277
5658,512
5659,213
5660,213
5661,494
5662,511
5663,285
5664,279
5665,496
5666,495
5667,213
5668,509
5669,277
5670,277
5671,511
5672,278
5673,213
5674,512
5675,512
5676,213
5677,213
5678,496
5679,510
5680,510
5681,285
5682,279
5683,511
5684,509
5685,509
5686,509
5687,510
5688,510
5689,496
5690,281
5691,282
5692,282
5693,494
5694,494
5695,279
5696,496
5697,512
5698,491
5699,275
5700,280
5701,280
5702,275
5703,511
5704,511
5705,275
5706,512
5707,512
5708,511
5709,511
5710,275
5711,282
5712,511
5713,512
5714,512
5715,275
5716,494
5717,278
5718,278
5719,510
5720,507
5721,507
5722,510
5723,511
5724,511
5725,511
5726,277
5727,494
5728,512
5729,491
5730,510
5731,511
5732,277
5733,511
5734,511
5735,507
5736,511
5737,511
5738,213
5739,511
5740,213
5741,278
5742,494
5743,494
5744,277
5745,507
5746,509
5747,509
5748,509
5749,509
5750,277
5751,277
5752,494
5753,494
5754,496
5755,496
5756,496
5757,278
5758,278
5759,278
5760,273
5761,280
5762,274
5763,274
5764,511
5765,280
5766,274
5767,277
5768,277
5769,278
5770,273
5771,509
5772,509
5773,278
5774,278
5775,274
5776,494
5777,511
5778,280
5779,274
5780,273
5781,277
5782,274
5783,512
5784,491
5785,512
5786,510
5787,273
5788,280
5789,274
5790,494
5791,276
5792,277
5793,511
5794,511
5795,274
5796,273
5797,278
5798,278
5799,511
5800,509
5801,280
5802,274
5803,507
5804,278
5805,507
5806,213
5807,213
5808,507
5809,509
5810,277
5811,509
5812,507
5813,511
5814,509
5815,509
5816,507
5817,276
5818,277
5819,277
5820,496
5821,496
5822,276
5823,277
5824,495
5825,511
5826,491
5827,507
5828,511
5829,511
5830,496
5831,274
5832,274
5833,494
5834,274
5835,278
5836,494
5837,495
5838,276
5839,277
5840,275
5841,274
5842,274
5843,495
5844,491
5845,494
5846,495
5847,509
5848,509
5849,276
5850,509
5851,509
5852,276
5853,277
5854,495
5855,495
5856,494
5857,494
5858,278
5859,494
5860,495
5861,491
5862,278
5863,278
5864,276
5865,277
5866,495
5867,275
5868,282
5869,276
5870,509
5871,494
5872,494
5873,276
5874,277
5875,278
5876,278
5877,494
5878,495
5879,494
5880,282
5881,276
5882,275
5883,494
5884,273
5885,276
5886,277
5887,494
5888,494
5889,273
5890,495
5891,509
5892,509
5893,282
5894,276
5895,509
5896,509
5897,494
5898,275
5899,213
5900,213
5901,213
5902,213
5903,276
5904,213
5905,213
5906,495
5907,491
5908,509
5909,213
5910,509
5911,509
5912,213
5913,213
5914,213
5915,213
5916,213
5917,213
5918,495
5919,509
5920,213
5921,213
5922,213
5923,274
5924,279
5925,279
5926,213
5927,509
5928,509
5929,494
5930,494
5931,491
5932,210
5933,210
5934,210
5935,210
5936,210
5937,278
5938,279
5939,282
5940,276
5941,495
5942,495
5943,279
5944,279
5945,210
5946,210
5947,274
5948,274
5949,275
5950,494
5951,491
5952,279
5953,279
5954,494
5955,268
5956,278
5957,276
5958,275
5959,276
5960,276
5961,276
5962,273
5963,275
5964,494
5965,494
5966,494
5967,275
5968,273
5969,210
5970,210
5971,495
5972,494
5973,494
5974,495
5975,494
5976,495
5977,273
5978,273
5979,268
5980,273
5981,273
5982,273
5983,213
5984,210
5985,213
5986,213
5987,213
5988,213
5989,213
5990,270
5991,276
5992,276
5993,278
5994,273
5995,268
5996,278
5997,495
5998,495
5999,275
6000,273
6001,275
6002,273
6003,273
6004,273
6005,279
6006,270
6007,278
6008,270
6009,269
6010,274
6011,495
6012,491
6013,276
6014,276
6015,273
6016,274
6017,270
6018,274
6019,275
6020,274
6021,276
6022,268
6023,269
6024,275
6025,275
6026,273
6027,273
6028,273
6029,275
6030,278
6031,269
6032,494
6033,273
6034,275
6035,269
6036,273
6037,494
6038,494
6039,270
6040,268
6041,269
6042,268
6043,278
6044,275
6045,275
6046,269
6047,275
6048,494
6049,270
6050,270
6051,274
6052,265
6053,495
6054,275
6055,275
6056,268
6057,268
6058,265
6059,276
6060,266
6061,274
6062,265
6063,495
6064,495
6065,492
6066,268
6067,273
6068,275
6069,273
6070,273
6071,273
6072,273
6073,275
6074,265
6075,274
6076,265
6077,495
6078,494
6079,492
6080,492
6081,495
6082,495
6083,273
6084,268
6085,268
6086,265
6087,492
6088,276
6089,275
6090,275
6091,495
6092,212
6093,212
6094,492
6095,268
6096,268
6097,276
6098,212
6099,212
6100,275
6101,275
6102,495
6103,495
6104,274
6105,265
6106,210
6107,273
6108,210
6109,210
6110,210
6111,210
6112,210
6113,492
6114,495
6115,495
6116,491
6117,491
6118,492
6119,275
6120,275
6121,495
6122,270
6123,275
6124,275
6125,492
6126,275
6127,276
6128,269
6129,275
6130,275
6131,265
6132,273
6133,266
6134,273
6135,265
6136,268
6137,491
6138,491
6139,269
6140,275
6141,265
6142,211
6143,212
6144,495
6145,276
6146,276
6147,491
6148,491
6149,273
6150,273
6151,495
6152,495
6153,275
6154,269
6155,269
6156,265
6157,491
6158,269
6159,276
6160,270
6161,270
6162,276
6163,266
6164,273
6165,270
6166,275
6167,275
6168,495
6169,495
6170,491
6171,273
6172,273
6173,269
6174,269
6175,491
6176,492
6177,269
6178,491
6179,276
6180,276
6181,275
6182,275
6183,275
6184,275
6185,495
6186,495
6187,491
6188,269
6189,276
6190,276
6191,276
6192,276
6193,276
6194,268
6195,269
6196,265
6197,265
6198,268
6199,268
6200,491
6201,276
6202,276
6203,275
6204,495
6205,495
6206,276
6207,276
6208,270
6209,270
6210,276
6211,268
6212,275
6213,266
6214,273
6215,491
6216,276
6217,268
6218,273
6219,495
6220,495
6221,491
6222,265
6223,276
6224,268
6225,268
6226,270
6227,268
6228,269
6229,275
6230,491
6231,268
6232,268
6233,491
6234,276
6235,265
6236,268
6237,273
6238,273
6239,268
6240,268
6241,491
6242,491
6243,269
6244,265
6245,265
6246,495
6247,273
6248,268
6249,269
6250,269
6251,491
6252,266
6253,266
6254,269
6255,266
6256,495
6257,495
6258,491
6259,492
6260,275
6261,275
6262,268
6263,268
6264,275
6265,275
6266,266
6267,275
6268,275
6269,495
6270,495
6271,492
6272,491
6273,269
6274,269
6275,491
6276,268
6277,491
6278,491
6279,265
6280,495
6281,495
6282,268
6283,269
6284,275
6285,275
6286,492
6287,492
6288,266
6289,273
6290,491
6291,491
6292,268
6293,268
6294,491
6295,269
6296,269
6297,269
6298,268
6299,269
6300,268
6301,275
6302,275
6303,268
6304,268
6305,268
6306,491
6307,491
6308,269
6309,265
6310,265
6311,275
6312,275
6313,275
6314,275
6315,275
6316,275
6317,269
6318,270
6319,268
6320,491
6321,268
6322,492
6323,266
6324,273
6325,491
6326,491
6327,269
6328,269
6329,276
6330,491
6331,275
6332,275
6333,491
6334,491
6335,269
6336,269
6337,270
6338,270
6339,491
6340,275
6341,275
6342,276
6343,265
6344,265
6345,266
6346,492
6347,269
6348,491
6349,491
6350,266
6351,266
6352,495
6353,495
6354,275
6355,270
6356,270
6357,269
6358,269
6359,269
6360,491
6361,276
6362,266
6363,491
6364,492
6365,492
6366,266
6367,275
6368,491
6369,266
6370,266
6371,265
6372,265
6373,270
6374,270
6375,266
6376,491
6377,491
6378,266
6379,266
6380,491
6381,491
6382,491
6383,491
6384,491
6385,492
6386,491
6387,491
6388,492
6389,267
6390,275
6391,210
6392,266
6393,266
6394,267
6395,275
6396,495
6397,495
6398,265
6399,266
6400,266
6401,491
6402,266
6403,269
6404,491
6405,269
6406,276
6407,276
6408,266
6409,265
6410,265
6411,491
6412,491
6413,491
6414,491
6415,492
6416,491
6417,491
6418,212
6419,212
6420,495
6421,495
6422,267
6423,276
6424,269
6425,270
6426,491
6427,491
6428,270
6429,266
6430,491
6431,269
6432,492
6433,492
6434,255
6435,491
6436,491
6437,269
6438,269
6439,269
6440,492
6441,269
6442,266
6443,491
6444,492
6445,264
6446,267
6447,276
6448,492
6449,492
6450,491
6451,255
6452,266
6453,266
6454,491
6455,495
6456,491
6457,491
6458,492
6459,492
6460,491
6461,491
6462,491
6463,491
6464,211
6465,212
6466,491
6467,491
6468,255
6469,265
6470,260
6471,276
6472,270
6473,270
6474,491
6475,491
6476,268
6477,492
6478,492
6479,491
6480,491
6481,491
6482,491
6483,269
6484,491
6485,269
6486,491
6487,269
6488,269
6489,269
6490,269
6491,255
6492,491
6493,491
6494,268
6495,269
6496,210
6497,210
6498,268
6499,268
6500,255
6501,270
6502,491
6503,268
6504,268
6505,491
6506,491
6507,270
6508,268
6509,268
6510,491
6511,268
6512,268
6513,268
6514,268
6515,268
6516,255
6517,267
6518,269
6519,270
6520,260
6521,268
6522,268
6523,266
6524,491
6525,491
6526,270
6527,269
6528,269
6529,211
6530,260
6531,268
6532,268
6533,491
6534,491
6535,270
6536,269
6537,269
6538,491
6539,270
6540,269
6541,269
6542,491
6543,491
6544,269
6545,269
6546,269
6547,255
6548,211
6549,260
6550,270
6551,491
6552,491
6553,269
6554,269
6555,261
6556,270
6557,489
6558,261
6559,255
6560,269
6561,269
6562,269
6563,261
6564,491
6565,491
6566,489
6567,492
6568,489
6569,261
6570,261
6571,269
6572,261
6573,269
6574,489
6575,255
6576,269
6577,269
6578,270
6579,271
6580,261
6581,261
6582,491
6583,211
6584,261
6585,492
6586,488
6587,269
6588,261
6589,491
6590,491
6591,267
6592,255
6593,261
6594,255
6595,269
6596,261
6597,491
6598,488
6599,255
6600,269
6601,259
6602,211
6603,211
6604,255
6605,255
6606,488
6607,211
6608,211
6609,267
6610,260
6611,259
6612,269
6613,259
6614,492
6615,269
6616,259
6617,255
6618,255
6619,255
6620,211
6621,255
6622,255
6623,488
6624,260
6625,488
6626,488
6627,491
6628,491
6629,268
6630,259
6631,255
6632,255
6633,260
6634,260
6635,210
6636,260
6637,260
6638,255
6639,268
6640,255
6641,255
6642,271
6643,259
6644,255
6645,255
6646,271
6647,271
6648,260
6649,259
6650,260
6651,255
6652,255
6653,488
6654,271
6655,271
6656,488
6657,487
6658,487
6659,255
6660,255
6661,271
6662,271
6663,211
6664,491
6665,211
6666,491
6667,487
6668,271
6669,271
6670,255
6671,255
6672,210
6673,487
6674,491
6675,491
6676,271
6677,271
6678,491
6679,486
6680,491
6681,491
6682,271
6683,271
6684,255
6685,255
6686,491
6687,486
6688,210
6689,210
6690,211
6691,211
6692,271
6693,271
6694,486
6695,255
6696,255
6697,210
6698,255
6699,261
6700,271
6701,260
6702,488
6703,491
6704,486
6705,263
6706,211
6707,255
6708,267
6709,260
6710,488
6711,260
6712,260
6713,255
6714,255
6715,486
6716,491
6717,486
6718,260
6719,260
6720,488
6721,488
6722,260
6723,260
6724,487
6725,260
6726,486
6727,255
6728,491
6729,486
6730,211
6731,211
6732,210
6733,211
6734,271
6735,263
6736,255
6737,488
6738,210
6739,210
6740,255
6741,255
6742,210
6743,210
6744,488
6745,488
6746,488
6747,210
6748,210
6749,488
6750,271
6751,263
6752,491
6753,486
6754,488
6755,487
6756,487
6757,488
6758,486
6759,261
6760,491
6761,486
6762,488
6763,488
6764,211
6765,486
6766,491
6767,486
6768,255
6769,486
6770,486
6771,261
6772,261
6773,210
6774,210
6775,260
6776,486
6777,486
6778,486
6779,260
6780,491
6781,486
6782,210
6783,210
6784,263
6785,271
6786,486
6787,255
6788,486
6789,260
6790,260
6791,261
6792,488
6793,491
6794,486
6795,259
6796,255
6797,256
6798,491
6799,486
6800,271
6801,260
6802,260
6803,212
6804,210
6805,210
6806,486
6807,486
6808,491
6809,486
6810,260
6811,263
6812,263
6813,491
6814,486
6815,255
6816,255
6817,256
6818,271
6819,263
6820,261
6821,271
6822,212
6823,486
6824,271
6825,263
6826,212
6827,491
6828,486
6829,261
6830,212
6831,488
6832,488
6833,271
6834,263
6835,256
6836,486
6837,491
6838,488
6839,488
6840,271
6841,263
6842,491
6843,486
6844,486
6845,263
6846,263
6847,486
6848,488
6849,488
6850,256
6851,263
6852,486
6853,486
6854,259
6855,488
6856,256
6857,256
6858,271
6859,263
6860,212
6861,212
6862,263
6863,255
6864,255
6865,486
6866,486
6867,263
6868,255
6869,261
6870,263
6871,211
6872,211
6873,211
6874,260
6875,260
6876,486
6877,263
6878,263
6879,211
6880,212
6881,259
6882,259
6883,212
6884,507
6885,486
6886,259
6887,260
6888,260
6889,486
6890,486
6891,488
6892,488
6893,256
6894,211
6895,260
6896,260
6897,260
6898,486
6899,486
6900,211
6901,259
6902,259
6903,211
6904,211
6905,260
6906,260
6907,486
6908,486
6909,488
6910,260
6911,260
6912,486
6913,263
6914,263
6915,487
6916,488
6917,486
6918,487
6919,487
6920,263
6921,263
6922,256
6923,259
6924,256
6925,210
6926,210
6927,263
6928,263
6929,261
6930,259
6931,259
6932,256
6933,263
6934,256
6935,256
6936,263
6937,256
6938,259
6939,259
6940,256
6941,261
6942,261
6943,263
6944,211
6945,263
6946,256
6947,486
6948,256
6949,263
6950,263
6951,210
6952,488
6953,488
6954,259
6955,261
6956,261
6957,263
6958,263
6959,263
6960,263
6961,263
6962,255
6963,256
6964,259
6965,259
6966,486
6967,211
6968,211
6969,263
6970,263
6971,263
6972,256
6973,256
6974,259
6975,259
6976,263
6977,263
6978,263
6979,258
6980,259
6981,261
6982,487
6983,260
6984,260
6985,258
6986,263
6987,263
6988,263
6989,260
6990,258
6991,258
6992,261
6993,263
6994,259
6995,260
6996,258
6997,486
6998,487
6999,260
7000,258
7001,258
7002,487
7003,488
7004,263
7005,263
7006,256
7007,256
7008,259
7009,259
7010,258
7011,486
7012,485
7013,256
7014,258
7015,263
7016,263
7017,486
7018,258
7019,263
7020,210
7021,486
7022,485
7023,263
7024,263
7025,258
7026,486
7027,486
7028,261
7029,486
7030,486
7031,256
7032,259
7033,259
7034,262
7035,486
7036,485
7037,256
7038,263
7039,263
7040,262
7041,262
7042,487
7043,488
7044,263
7045,256
7046,256
7047,210
7048,487
7049,487
7050,211
7051,211
7052,258
7053,263
7054,263
7055,210
7056,210
7057,262
7058,211
7059,257
7060,211
7061,211
7062,211
7063,240
7064,262
7065,262
7066,258
7067,259
7068,486
7069,485
7070,257
7071,486
7072,211
7073,485
7074,487
7075,258
7076,258
7077,240
7078,240
7079,263
7080,263
7081,257
7082,257
7083,258
7084,258
7085,486
7086,486
7087,486
7088,485
7089,256
7090,486
7091,486
7092,263
7093,256
7094,258
7095,486
7096,486
7097,258
7098,258
7099,240
7100,261
7101,263
7102,262
7103,258
7104,256
7105,240
7106,263
7107,263
7108,211
7109,257
7110,257
7111,262
7112,258
7113,258
7114,258
7115,258
7116,261
7117,257
7118,259
7119,262
7120,259
7121,210
7122,211
7123,259
7124,257
7125,485
7126,210
7127,210
7128,261
7129,261
7130,240
7131,210
7132,210
7133,258
7134,210
7135,210
7136,263
7137,210
7138,210
7139,210
7140,206
7141,256
7142,240
7143,257
7144,487
7145,487
7146,206
7147,210
7148,206
7149,210
7150,258
7151,258
7152,210
7153,210
7154,258
7155,259
7156,210
7157,210
7158,210
7159,258
7160,206
7161,206
7162,210
7163,210
7164,206
7165,206
7166,257
7167,257
7168,212
7169,206
7170,206
7171,206
7172,263
7173,258
7174,263
7175,240
7176,258
7177,258
7178,258
7179,261
7180,240
7181,258
7182,258
7183,211
7184,257
7185,257
7186,212
7187,258
7188,258
7189,211
7190,263
7191,206
7192,258
7193,258
7194,485
7195,485
7196,211
7197,212
7198,212
7199,263
7200,206
7201,263
7202,206
7203,261
7204,261
7205,262
7206,206
7207,487
7208,486
7209,263
7210,206
7211,256
7212,240
7213,258
7214,206
7215,206
7216,253
7217,253
7218,253
7219,206
7220,240
7221,240
7222,206
7223,240
7224,240
7225,211
7226,211
7227,257
7228,263
7229,206
7230,206
7231,212
7232,212
7233,206
7234,261
7235,263
7236,206
7237,258
7238,211
7239,211
7240,261
7241,485
7242,263
7243,206
7244,261
7245,485
7246,485
7247,257
7248,257
7249,206
7250,206
7251,206
7252,206
7253,486
7254,240
7255,262
7256,206
7257,206
7258,240
7259,253
7260,253
7261,485
7262,261
7263,263
7264,211
7265,206
7266,211
7267,487
7268,263
7269,206
7270,253
7271,253
7272,257
7273,253
7274,261
7275,261
7276,206
7277,258
7278,262
7279,261
7280,261
7281,211
7282,486
7283,262
7284,206
7285,206
7286,206
7287,206
7288,212
7289,212
7290,211
7291,258
7292,258
7293,206
7294,206
7295,485
7296,485
7297,261
7298,261
7299,253
7300,253
7301,487
7302,261
7303,261
7304,253
7305,206
7306,206
7307,206
7308,206
7309,240
7310,258
7311,253
7312,253
7313,253
7314,253
7315,206
7316,206
7317,261
7318,261
7319,206
7320,253
7321,253
7322,211
7323,211
7324,261
7325,206
7326,253
7327,485
7328,485
7329,262
7330,253
7331,205
7332,206
7333,211
7334,253
7335,253
7336,253
7337,205
7338,240
7339,487
7340,487
7341,212
7342,253
7343,253
7344,253
7345,253
7346,211
7347,258
7348,262
7349,485
7350,485
7351,262
7352,253
7353,253
7354,262
7355,206
7356,258
7357,210
7358,206
7359,485
7360,485
7361,205
7362,261
7363,261
7364,253
7365,253
7366,210
7367,210
7368,206
7369,206
7370,206
7371,253
7372,253
7373,258
7374,205
7375,206
7376,211
7377,211
7378,205
7379,206
7380,212
7381,212
7382,211
7383,485
7384,485
7385,211
7386,211
7387,485
7388,485
7389,253
7390,253
7391,487
7392,261
7393,261
7394,206
7395,206
7396,253
7397,212
7398,212
7399,253
7400,253
7401,253
7402,487
7403,261
7404,261
7405,206
7406,253
7407,253
7408,261
7409,205
7410,485
7411,205
7412,211
7413,205
7414,205
7415,507
7416,206
7417,253
7418,485
7419,205
7420,486
7421,485
7422,253
7423,253
7424,206
7425,205
7426,206
7427,205
7428,205
7429,253
7430,253
7431,253
7432,261
7433,261
7434,211
7435,211
7436,206
7437,206
7438,253
7439,485
7440,487
7441,253
7442,253
7443,262
7444,262
7445,485
7446,485
7447,487
7448,487
7449,485
7450,211
7451,262
7452,262
7453,507
7454,461
7455,212
7456,485
7457,485
7458,253
7459,211
7460,211
7461,485
7462,485
7463,487
7464,262
7465,212
7466,206
7467,486
7468,485
7469,262
7470,262
7471,487
7472,487
7473,205
7474,212
7475,212
7476,487
7477,487
7478,485
7479,485
7480,262
7481,205
7482,205
7483,262
7484,262
7485,206
7486,206
7487,485
7488,212
7489,212
7490,212
7491,253
7492,262
7493,262
7494,485
7495,485
7496,485
7497,262
7498,262
7499,485
7500,205
7501,205
7502,253
7503,205
7504,485
7505,485
7506,206
7507,210
7508,210
7509,206
7510,462
7511,487
7512,262
7513,487
7514,487
7515,485
7516,487
7517,211
7518,262
7519,205
7520,206
7521,258
7522,262
7523,253
7524,507
7525,210
7526,210
7527,212
7528,212
7529,486
7530,485
7531,253
7532,253
7533,210
7534,210
7535,485
7536,462
7537,485
7538,485
7539,485
7540,485
7541,258
7542,487
7543,205
7544,205
7545,487
7546,205
7547,262
7548,258
7549,258
7550,507
7551,487
7552,487
7553,211
7554,211
7555,206
7556,206
7557,485
7558,462
7559,461
7560,461
7561,487
7562,262
7563,205
7564,205
7565,205
7566,206
7567,258
7568,258
7569,206
7570,462
7571,253
7572,253
7573,253
7574,485
7575,462
7576,205
7577,461
7578,205
7579,205
7580,262
7581,253
7582,205
7583,205
7584,461
7585,262
7586,205
7587,462
7588,210
7589,205
7590,205
7591,205
7592,210
7593,210
7594,210
7595,462
7596,487
7597,485
7598,211
7599,212
7600,486
7601,485
7602,462
7603,211
7604,211
7605,205
7606,205
7607,206
7608,206
7609,258
7610,462
7611,461
7612,507
7613,462
7614,485
7615,212
7616,485
7617,485
7618,253
7619,462
7620,462
7621,206
7622,205
7623,206
7624,507
7625,262
7626,237
7627,461
7628,253
7629,485
7630,208
7631,208
7632,461
7633,461
7634,211
7635,211
7636,462
7637,206
7638,237
7639,237
7640,209
7641,212
7642,205
7643,205
7644,258
7645,507
7646,205
7647,205
7648,462
7649,462
7650,206
7651,206
7652,253
7653,485
7654,485
7655,209
7656,507
7657,485
7658,461
7659,461
7660,209
7661,209
7662,463
7663,461
7664,462
7665,462
7666,461
7667,209
7668,209
7669,485
7670,461
7671,461
7672,206
7673,258
7674,237
7675,461
7676,461
7677,206
7678,206
7679,462
7680,208
7681,208
7682,462
7683,462
7684,461
7685,206
7686,462
7687,205
7688,206
7689,485
7690,485
7691,253
7692,253
7693,206
7694,237
7695,237
7696,485
7697,237
7698,258
7699,237
7700,462
7701,462
7702,461
7703,209
7704,485
7705,485
7706,209
7707,461
7708,485
7709,461
7710,206
7711,206
7712,208
7713,208
7714,462
7715,462
7716,462
7717,462
7718,206
7719,461
7720,461
7721,258
7722,237
7723,206
7724,206
7725,461
7726,258
7727,258
7728,206
7729,206
7730,206
7731,258
7732,258
7733,208
7734,208
7735,258
7736,258
7737,206
7738,206
7739,209
7740,485
7741,462
7742,461
7743,206
7744,462
7745,462
7746,237
7747,237
7748,237
7749,485
7750,461
7751,461
7752,461
7753,461
7754,209
7755,209
7756,237
7757,237
7758,237
7759,207
7760,207
7761,461
7762,461
7763,211
7764,209
7765,462
7766,462
7767,461
7768,461
7769,461
7770,208
7771,205
7772,206
7773,209
7774,209
7775,462
7776,462
7777,209
7778,461
7779,253
7780,242
7781,242
7782,208
7783,462
7784,206
7785,206
7786,206
7787,206
7788,461
7789,461
7790,205
7791,205
7792,462
7793,209
7794,209
7795,209
7796,462
7797,461
7798,462
7799,462
7800,461
7801,209
7802,253
7803,242
7804,242
7805,207
7806,462
7807,206
7808,206
7809,207
7810,462
7811,237
7812,462
7813,461
7814,461
7815,461
7816,462
7817,242
7818,462
7819,206
7820,207
7821,242
7822,461
7823,208
7824,461
7825,461
7826,461
7827,205
7828,205
7829,207
7830,207
7831,461
7832,461
7833,462
7834,205
7835,462
7836,462
7837,462
7838,462
7839,461
7840,461
7841,205
7842,205
7843,242
7844,462
7845,462
7846,461
7847,461
7848,461
7849,461
7850,207
7851,205
7852,205
7853,462
7854,462
7855,461
7856,461
7857,209
7858,209
7859,206
7860,206
7861,462
7862,462
7863,463
7864,205
7865,205
7866,208
7867,206
7868,205
7869,205
7870,206
7871,206
7872,461
7873,461
7874,210
7875,461
7876,208
7877,205
7878,205
7879,461
7880,461
7881,207
7882,242
7883,242
7884,208
7885,207
7886,462
7887,461
7888,461
7889,242
7890,208
7891,208
7892,209
7893,207
7894,207
7895,461
7896,461
7897,462
7898,208
7899,461
7900,461
7901,461
7902,207
7903,462
7904,462
7905,461
7906,461
7907,461
7908,207
7909,207
7910,461
7911,461
7912,242
7913,237
7914,462
7915,205
7916,205
7917,461
7918,461
7919,205
7920,207
7921,207
7922,208
7923,461
7924,462
7925,462
7926,461
7927,461
7928,205
7929,206
7930,461
7931,463
7932,205
7933,207
7934,207
7935,207
7936,207
7937,462
7938,461
7939,209
7940,462
7941,462
7942,208
7943,208
7944,209
7945,207
7946,209
7947,209
7948,207
7949,207
7950,209
7951,209
7952,237
7953,237
7954,461
7955,209
7956,208
7957,208
7958,462
7959,457
7960,205
7961,457
7962,461
7963,205
7964,461
7965,461
7966,205
7967,205
7968,461
7969,207
7970,462
7971,208
7972,207
7973,207
7974,207
7975,462
7976,462
7977,461
7978,461
7979,461
7980,461
7981,208
7982,463
7983,461
7984,209
7985,208
7986,208
7987,201
7988,462
7989,462
7990,461
7991,207
7992,211
7993,237
7994,207
7995,207
7996,207
7997,209
7998,208
7999,208
8000,457
8001,461
8002,209
8003,209
8004,207
8005,207
8006,461
8007,208
8008,208
8009,205
8010,457
8011,209
8012,462
8013,462
8014,457
8015,207
8016,237
8017,237
8018,205
8019,205
8020,207
8021,461
8022,461
8023,201
8024,205
8025,207
8026,208
8027,208
8028,457
8029,205
8030,205
8031,205
8032,205
8033,461
8034,461
8035,208
8036,461
8037,207
8038,457
8039,457
8040,461
8041,457
8042,207
8043,207
8044,205
8045,205
8046,201
8047,201
8048,204
8049,208
8050,208
8051,461
8052,209
8053,209
8054,462
8055,207
8056,461
8057,207
8058,461
8059,461
8060,461
8061,461
8062,206
8063,206
8064,461
8065,461
8066,462
8067,462
8068,208
8069,208
8070,208
8071,463
8072,201
8073,201
8074,457
8075,457
8076,457
8077,207
8078,207
8079,461
8080,461
8081,237
8082,237
8083,205
8084,207
8085,461
8086,461
8087,462
8088,207
8089,207
8090,457
8091,201
8092,201
8093,457
8094,461
8095,461
8096,461
8097,201
8098,207
8099,207
8100,207
8101,461
8102,461
8103,461
8104,461
8105,201
8106,208
8107,457
8108,461
8109,461
8110,201
8111,208
8112,457
8113,462
8114,207
8115,201
8116,201
8117,207
8118,209
8119,462
8120,461
8121,461
8122,461
8123,461
8124,209
8125,461
8126,461
8127,462
8128,205
8129,201
8130,462
8131,457
8132,457
8133,207
8134,207
8135,207
8136,204
8137,208
8138,209
8139,209
8140,207
8141,207
8142,462
8143,201
8144,201
8145,463
8146,457
8147,209
8148,207
8149,210
8150,457
8151,462
8152,462
8153,208
8154,461
8155,461
8156,208
8157,208
8158,207
8159,207
8160,205
8161,205
8162,207
8163,457
8164,457
8165,457
8166,207
8167,207
8168,210
8169,207
8170,201
8171,201
8172,204
8173,461
8174,204
8175,204
8176,201
8177,457
8178,457
8179,201
8180,207
8181,207
8182,204
8183,207
8184,207
8185,207
8186,207
8187,461
8188,207
8189,237
8190,208
8191,205
8192,237
8193,201
8194,457
8195,461
8196,204
8197,204
8198,457
8199,207
8200,205
8201,205
8202,205
8203,204
8204,201
8205,207
8206,209
8207,461
8208,461
8209,457
8210,457
8211,207
8212,207
8213,205
8214,205
8215,461
8216,208
8217,208
8218,462
8219,204
8220,201
8221,209
8222,457
8223,205
8224,205
8225,461
8226,201
8227,204
8228,208
8229,204
8230,204
8231,207
8232,458
8233,201
8234,204
8235,207
8236,207
8237,205
8238,205
8239,458
8240,458
8241,207
8242,461
8243,461
8244,207
8245,457
8246,461
8247,461
8248,203
8249,458
8250,462
8251,462
8252,462
8253,207
8254,207
8255,461
8256,207
8257,205
8258,207
8259,207
8260,203
8261,203
8262,201
8263,201
8264,201
8265,461
8266,203
8267,203
8268,204
8269,204
8270,207
8271,207
8272,203
8273,203
8274,458
8275,207
8276,209
8277,203
8278,203
8279,204
8280,461
8281,461
8282,207
8283,457
8284,203
8285,203
8286,203
8287,203
8288,203
8289,203
8290,203
8291,203
8292,203
8293,203
8294,203
8295,207
8296,199
8297,201
8298,461
8299,461
8300,461
8301,203
8302,203
8303,199
8304,199
8305,203
8306,203
8307,461
8308,458
8309,462
8310,462
8311,462
8312,207
8313,207
8314,208
8315,208
8316,210
8317,457
8318,203
8319,203
8320,207
8321,207
8322,201
8323,207
8324,462
8325,201
8326,203
8327,203
8328,457
8329,457
8330,457
8331,457
8332,461
8333,461
8334,210
8335,457
8336,457
8337,203
8338,203
8339,207
8340,457
8341,456
8342,201
8343,207
8344,207
8345,208
8346,208
8347,207
8348,457
8349,201
8350,461
8351,207
8352,207
8353,461
8354,461
8355,208
8356,458
8357,462
8358,208
8359,208
8360,202
8361,207
8362,205
8363,199
8364,205
8365,205
8366,207
8367,207
8368,207
8369,207
8370,201
8371,201
8372,457
8373,461
8374,202
8375,202
8376,457
8377,457
8378,210
8379,202
8380,203
8381,210
8382,202
8383,458
8384,462
8385,203
8386,201
8387,201
8388,458
8389,207
8390,207
8391,202
8392,201
8393,208
8394,208
8395,461
8396,458
8397,207
8398,202
8399,458
8400,201
8401,201
8402,203
8403,207
8404,207
8405,458
8406,205
8407,199
8408,201
8409,457
8410,457
8411,461
8412,208
8413,208
8414,208
8415,456
8416,208
8417,458
8418,201
8419,207
8420,203
8421,203
8422,204
8423,456
8424,456
8425,457
8426,209
8427,209
8428,209
8429,209
8430,209
8431,458
8432,204
8433,208
8434,207
8435,207
8436,457
8437,202
8438,457
8439,457
8440,207
8441,207
8442,209
8443,209
8444,205
8445,199
8446,461
8447,455
8448,209
8449,455
8450,201
8451,201
8452,201
8453,458
8454,199
8455,207
8456,207
8457,208
8458,208
8459,204
8460,204
8461,203
8462,456
8463,456
8464,456
8465,202
8466,457
8467,456
8468,457
8469,457
8470,457
8471,202
8472,202
8473,201
8474,201
8475,457
8476,457
8477,207
8478,456
8479,456
8480,208
8481,201
8482,202
8483,455
8484,457
8485,202
8486,202
8487,199
8488,201
8489,199
8490,199
8491,461
8492,458
8493,201
8494,202
8495,203
8496,201
8497,201
8498,207
8499,202
8500,202
8501,202
8502,199
8503,201
8504,201
8505,202
8506,202
8507,457
8508,457
8509,201
8510,457
8511,457
8512,202
8513,199
8514,199
8515,201
8516,201
8517,202
8518,456
8519,456
8520,199
8521,461
8522,202
8523,202
8524,207
8525,458
8526,461
8527,201
8528,202
8529,202
8530,201
8531,201
8532,199
8533,199
8534,201
8535,201
8536,199
8537,202
8538,207
8539,457
8540,457
8541,457
8542,456
8543,201
8544,458
8545,461
8546,202
8547,202
8548,457
8549,457
8550,202
8551,201
8552,202
8553,202
8554,202
8555,202
8556,202
8557,202
8558,202
8559,202
8560,202
8561,207
8562,202
8563,457
8564,457
8565,457
8566,456
8567,207
8568,202
8569,457
8570,202
8571,202
8572,202
8573,202
8574,202
8575,201
8576,201
8577,456
8578,456
8579,202
8580,201
8581,455
8582,201
8583,201
8584,202
8585,202
8586,202
8587,202
8588,207
8589,202
8590,458
8591,202
8592,457
8593,203
8594,199
8595,199
8596,207
8597,202
8598,202
8599,202
8600,455
8601,457
8602,209
8603,458
8604,458
8605,202
8606,202
8607,202
8608,203
8609,456
8610,461
8611,209
8612,457
8613,457
8614,201
8615,202
8616,202
8617,209
8618,209
8619,455
8620,455
8621,209
8622,204
8623,204
8624,457
8625,459
8626,458
8627,458
8628,455
8629,458
8630,202
8631,202
8632,456
8633,456
8634,457
8635,457
8636,202
8637,201
8638,200
8639,204
8640,209
8641,203
8642,209
8643,209
8644,204
8645,458
8646,458
8647,209
8648,202
8649,202
8650,203
8651,209
8652,455
8653,200
8654,209
8655,456
8656,204
8657,209
8658,204
8659,203
8660,209
8661,209
8662,455
8663,204
8664,202
8665,202
8666,456
8667,456
8668,455
8669,455
8670,458
8671,458
8672,458
8673,237
8674,204
8675,204
8676,201
8677,200
8678,204
8679,457
8680,457
8681,204
8682,454
8683,454
8684,203
8685,203
8686,457
8687,204
8688,202
8689,202
8690,455
8691,199
8692,201
8693,203
8694,203
8695,203
8696,202
8697,204
8698,204
8699,457
8700,202
8701,202
8702,455
8703,455
8704,200
8705,204
8706,204
8707,454
8708,457
8709,456
8710,455
8711,457
8712,204
8713,203
8714,204
8715,199
8716,199
8717,202
8718,202
8719,457
8720,455
8721,455
8722,455
8723,203
8724,203
8725,236
8726,199
8727,203
8728,203
8729,455
8730,456
8731,456
8732,456
8733,456
8734,202
8735,202
8736,204
8737,454
8738,454
8739,454
8740,454
8741,204
8742,454
8743,203
8744,203
8745,200
8746,455
8747,200
8748,450
8749,450
8750,455
8751,455
8752,455
8753,199
8754,199
8755,199
8756,454
8757,203
8758,202
8759,202
8760,204
8761,456
8762,456
8763,203
8764,203
8765,455
8766,455
8767,455
8768,200
8769,200
8770,202
8771,202
8772,454
8773,454
8774,204
8775,455
8776,203
8777,203
8778,202
8779,202
8780,204
8781,204
8782,456
8783,457
8784,199
8785,201
8786,454
8787,204
8788,454
8789,454
8790,200
8791,459
8792,202
8793,200
8794,202
8795,203
8796,202
8797,459
8798,203
8799,203
8800,450
8801,456
8802,454
8803,455
8804,457
8805,202
8806,203
8807,456
8808,456
8809,200
8810,200
8811,459
8812,459
8813,200
8814,202
8815,202
8816,202
8817,203
8818,202
8819,459
8820,202
8821,202
8822,202
8823,202
8824,203
8825,202
8826,202
8827,202
8828,203
8829,202
8830,202
8831,200
8832,200
8833,202
8834,456
8835,454
8836,454
8837,459
8838,456
8839,459
8840,200
8841,200
8842,458
8843,458
8844,200
8845,456
8846,456
8847,200
8848,200
8849,202
8850,202
8851,200
8852,450
8853,204
8854,459
8855,455
8856,461
8857,458
8858,204
8859,199
8860,198
8861,200
8862,200
8863,454
8864,454
8865,455
8866,204
8867,204
8868,204
8869,203
8870,204
8871,204
8872,454
8873,204
8874,198
8875,204
8876,461
8877,458
8878,454
8879,454
8880,458
8881,458
8882,456
8883,456
8884,200
8885,455
8886,455
8887,200
8888,203
8889,203
8890,204
8891,454
8892,454
8893,455
8894,454
8895,202
8896,202
8897,455
8898,456
8899,204
8900,204
8901,454
8902,200
8903,200
8904,202
8905,454
8906,454
8907,203
8908,203
8909,454
8910,454
8911,454
8912,199
8913,198
8914,198
8915,455
8916,202
8917,454
8918,454
8919,198
8920,454
8921,200
8922,200
8923,454
8924,204
8925,455
8926,455
8927,200
8928,200
8929,203
8930,454
8931,204
8932,203
8933,200
8934,202
8935,203
8936,202
8937,204
8938,203
8939,203
8940,455
8941,454
8942,454
8943,458
8944,458
8945,204
8946,204
8947,456
8948,456
8949,204
8950,204
8951,454
8952,455
8953,455
8954,455
8955,455
8956,454
8957,455
8958,455
8959,203
8960,203
8961,455
8962,455
8963,203
8964,455
8965,200
8966,191
8967,202
8968,202
8969,204
8970,204
8971,456
8972,200
8973,200
8974,203
8975,203
8976,204
8977,203
8978,202
8979,200
8980,191
8981,454
8982,202
8983,455
8984,455
8985,202
8986,202
8987,202
8988,202
8989,203
8990,203
8991,455
8992,455
8993,454
8994,454
8995,451
8996,203
8997,203
8998,200
8999,191
9000,202
9001,191
9002,455
9003,203
9004,203
9005,200
9006,200
9007,454
9008,455
9009,202
9010,202
9011,203
9012,455
9013,456
9014,202
9015,202
9016,454
9017,455
9018,455
9019,455
9020,455
9021,454
9022,454
9023,454
9024,454
9025,454
9026,454
9027,454
9028,454
9029,454
9030,455
9031,455
9032,455
9033,198
9034,454
9035,454
9036,455
9037,455
9038,456
9039,456
9040,455
9041,455
9042,455
9043,455
9044,200
9045,191
9046,204
9047,458
9048,458
9049,458
9050,200
9051,200
9052,456
9053,456
9054,146
9055,236
9056,203
9057,203
9058,203
9059,204
9060,459
9061,204
9062,455
9063,203
9064,203
9065,454
9066,454
9067,203
9068,450
9069,191
9070,200
9071,200
9072,146
9073,146
9074,203
9075,203
9076,191
9077,146
9078,455
9079,455
9080,455
9081,455
9082,456
9083,456
9084,146
9085,146
9086,455
9087,455
9088,456
9089,146
9090,454
9091,191
9092,191
9093,455
9094,191
9095,200
9096,191
9097,202
9098,202
9099,198
9100,455
9101,456
9102,203
9103,454
9104,202
9105,202
9106,202
9107,202
9108,202
9109,202
9110,202
9111,202
9112,202
9113,202
9114,202
9115,455
9116,454
9117,202
9118,203
9119,455
9120,202
9121,202
9122,203
9123,203
9124,455
9125,455
9126,454
9127,203
9128,203
9129,455
9130,455
9131,455
9132,456
9133,202
9134,202
9135,455
9136,455
9137,455
9138,455
9139,456
9140,191
9141,191
9142,203
9143,191
9144,202
9145,146
9146,203
9147,454
9148,454
9149,191
9150,456
9151,203
9152,455
9153,455
9154,455
9155,455
9156,203
9157,191
9158,151
9159,455
9160,203
9161,203
9162,191
9163,191
9164,203
9165,455
9166,455
9167,455
9168,203
9169,203
9170,454
9171,455
9172,455
9173,455
9174,455
9175,454
9176,449
9177,203
9178,454
9179,454
9180,191
9181,191
9182,191
9183,202
9184,455
9185,455
9186,454
9187,449
9188,456
9189,191
9190,455
9191,456
9192,191
9193,191
9194,191
9195,202
9196,450
9197,450
9198,202
9199,202
9200,454
9201,203
9202,203
9203,203
9204,151
9205,455
9206,455
9207,455
9208,203
9209,203
9210,455
9211,151
9212,455
9213,455
9214,455
9215,455
9216,455
9217,455
9218,455
9219,455
9220,191
9221,202
9222,203
9223,151
9224,454
9225,454
9226,454
9227,454
9228,455
9229,456
9230,455
9231,454
9232,454
9233,456
9234,456
9235,455
9236,450
9237,203
9238,456
9239,202
9240,191
9241,455
9242,455
9243,151
9244,202
9245,202
9246,454
9247,161
9248,161
9249,455
9250,202
9251,202
9252,161
9253,146
9254,202
9255,202
9256,151
9257,454
9258,202
9259,202
9260,202
9261,202
9262,191
9263,203
9264,191
9265,454
9266,449
9267,455
9268,202
9269,202
9270,455
9271,455
9272,161
9273,151
9274,237
9275,161
9276,203
9277,203
9278,454
9279,449
9280,151
9281,456
9282,456
9283,202
9284,202
9285,455
9286,456
9287,456
9288,203
9289,191
9290,191
9291,449
9292,202
9293,203
9294,203
9295,203
9296,203
9297,203
9298,449
9299,454
9300,191
9301,202
9302,449
9303,449
9304,203
9305,455
9306,203
9307,203
9308,203
9309,456
9310,202
9311,203
9312,202
9313,202
9314,197
9315,203
9316,203
9317,203
9318,197
9319,203
9320,203
9321,191
9322,191
9323,197
9324,449
9325,203
9326,203
9327,202
9328,202
9329,456
9330,456
9331,455
9332,455
9333,197
9334,197
9335,191
9336,455
9337,455
9338,197
9339,197
9340,197
9341,455
9342,203
9343,458
9344,458
9345,202
9346,202
9347,202
9348,202
9349,191
9350,203
9351,191
9352,191
9353,202
9354,202
9355,191
9356,191
9357,191
9358,191
9359,203
9360,203
9361,450
9362,191
9363,191
9364,191
9365,190
9366,203
9367,197
9368,451
9369,455
9370,456
9371,449
9372,454
9373,191
9374,191
9375,449
9376,197
9377,456
9378,456
9379,197
9380,455
9381,197
9382,197
9383,203
9384,202
9385,203
9386,449
9387,456
9388,449
9389,202
9390,203
9391,203
9392,197
9393,197
9394,202
9395,192
9396,192
9397,202
9398,192
9399,202
9400,192
9401,197
9402,197
9403,451
9404,191
9405,197
9406,197
9407,197
9408,449
9409,449
9410,449
9411,449
9412,202
9413,192
9414,458
9415,191
9416,191
9417,202
9418,192
9419,197
9420,449
9421,449
9422,450
9423,455
9424,192
9425,450
9426,202
9427,192
9428,455
9429,450
9430,450
9431,450
9432,456
9433,455
9434,455
9435,192
9436,203
9437,192
9438,192
9439,203
9440,203
9441,203
9442,450
9443,450
9444,449
9445,203
9446,203
9447,450
9448,458
9449,458
9450,456
9451,192
9452,192
9453,450
9454,449
9455,449
9456,455
9457,450
9458,449
9459,455
9460,192
9461,192
9462,192
9463,192
9464,191
9465,192
9466,450
9467,192
9468,192
9469,455
9470,455
9471,449
9472,192
9473,192
9474,197
9475,197
9476,197
9477,197
9478,192
9479,191
9480,191
9481,192
9482,192
9483,192
9484,197
9485,197
9486,455
9487,197
9488,197
9489,197
9490,192
9491,192
9492,197
9493,192
9494,192
9495,197
9496,197
9497,449
9498,456
9499,456
9500,458
9501,458
9502,455
9503,455
9504,191
9505,191
9506,191
9507,455
9508,192
9509,192
9510,191
9511,191
9512,191
9513,191
9514,455
9515,191
9516,191
9517,191
9518,191
9519,191
9520,190
9521,191
9522,449
9523,449
9524,191
9525,191
9526,455
9527,456
9528,197
9529,449
9530,449
9531,449
9532,458
9533,458
9534,197
9535,197
9536,449
9537,449
9538,458
9539,449
9540,450
9541,196
9542,196
9543,196
9544,450
9545,449
9546,450
9547,450
9548,196
9549,197
9550,196
9551,192
9552,192
9553,196
9554,192
9555,192
9556,192
9557,450
9558,197
9559,197
9560,192
9561,449
9562,449
9563,449
9564,449
9565,449
9566,196
9567,197
9568,197
9569,197
9570,196
9571,192
9572,192
9573,197
9574,197
9575,197
9576,449
9577,449
9578,197
9579,197
9580,192
9581,192
9582,192
9583,196
9584,196
9585,449
9586,449
9587,449
9588,197
9589,196
9590,196
9591,192
9592,449
9593,197
9594,197
9595,192
9596,192
9597,196
9598,197
9599,197
9600,449
9601,449
9602,449
9603,449
9604,450
9605,192
9606,192
9607,197
9608,192
9609,192
9610,192
9611,192
9612,197
9613,197
9614,197
9615,192
9616,188
9617,449
9618,196
9619,196
9620,449
9621,449
9622,192
9623,192
9624,197
9625,197
9626,192
9627,196
9628,449
9629,196
9630,196
9631,196
9632,449
9633,449
9634,449
9635,196
9636,197
9637,197
9638,197
9639,197
9640,188
9641,197
9642,449
9643,188
9644,197
9645,197
9646,449
9647,449
9648,188
9649,449
9650,449
9651,449
9652,449
9653,449
9654,197
9655,192
9656,192
9657,188
9658,197
9659,197
9660,196
9661,197
9662,196
9663,196
9664,196
9665,197
9666,196
9667,196
9668,197
9669,196
9670,196
9671,196
9672,196
9673,196
9674,197
9675,197
9676,197
9677,197
9678,197
9679,197
9680,197
9681,188
9682,449
9683,196
9684,196
9685,196
9686,196
9687,196
9688,196
9689,188
9690,196
9691,196
9692,188
9693,197
9694,197
9695,196
9696,196
9697,197
9698,197
9699,196
9700,196
9701,196
9702,196
9703,192
9704,192
9705,195
9706,195
9707,192
9708,196
9709,196
9710,197
9711,195
9712,197
9713,196
9714,196
9715,188
9716,195
9717,196
9718,197
9719,197
9720,197
9721,196
9722,196
9723,196
9724,197
9725,197
9726,197
9727,197
9728,196
9729,188
9730,196
9731,196
9732,195
9733,195
9734,186
9735,196
9736,197
9737,186
9738,186
9739,196
9740,195
9741,195
9742,196
9743,196
9744,197
9745,196
9746,196
9747,196
9748,186
9749,196
9750,196
9751,196
9752,183
9753,196
9754,196
9755,196
9756,183
9757,183
9758,183
9759,196
9760,196
9761,196
9762,183
9763,183
9764,183
9765,183
9766,183
9767,196
9768,195
9769,199
